Экран,Текущий текст,Тип содержания,Нужно?,Действие,Предложение,Обоснование,Область изменения,Повторы,Изменяемые повторы,Теги источника
home-more,СТАРТ,Надпись интерфейса,Да,Оставить,СТАРТ,"Это самостоятельная надпись или справка интерфейса. Без подтверждённого дублирования или понятного контекста сокращение может ухудшить понимание, поэтому сохраняем.",Без изменения,1,0,A
home-more,Прокат,Надпись интерфейса,Да,Оставить,Прокат,"Это самостоятельная надпись или справка интерфейса. Без подтверждённого дублирования или понятного контекста сокращение может ухудшить понимание, поэтому сохраняем.",Без изменения,1,0,A
home-more,Кафе · 10,Надпись интерфейса,Да,Оставить,Кафе · 10,"Это самостоятельная надпись или справка интерфейса. Без подтверждённого дублирования или понятного контекста сокращение может ухудшить понимание, поэтому сохраняем.",Без изменения,1,0,A
home-more,Закупка,Надпись интерфейса,Да,Оставить,Закупка,"Это самостоятельная надпись или справка интерфейса. Без подтверждённого дублирования или понятного контекста сокращение может ухудшить понимание, поэтому сохраняем.",Без изменения,1,0,A
home-more,Дела,Надпись интерфейса,Да,Оставить,Дела,"Это самостоятельная надпись или справка интерфейса. Без подтверждённого дублирования или понятного контекста сокращение может ухудшить понимание, поэтому сохраняем.",Без изменения,1,0,A
home-more,Настройки,Надпись интерфейса,Да,Оставить,Настройки,"Это самостоятельная надпись или справка интерфейса. Без подтверждённого дублирования или понятного контекста сокращение может ухудшить понимание, поэтому сохраняем.",Без изменения,1,0,A
home-more,На связи,Текстовая подпись или значение,Да,Оставить,На связи,"Это самостоятельная надпись или справка интерфейса. Без подтверждённого дублирования или понятного контекста сокращение может ухудшить понимание, поэтому сохраняем.",Без изменения,1,0,SPAN
home-more,! Принтер,Текстовая подпись или значение,Да,Оставить,! Принтер,"Это самостоятельная надпись или справка интерфейса. Без подтверждённого дублирования или понятного контекста сокращение может ухудшить понимание, поэтому сохраняем.",Без изменения,1,0,SPAN
home-more,! Терминал,Текстовая подпись или значение,Да,Оставить,! Терминал,"Это самостоятельная надпись или справка интерфейса. Без подтверждённого дублирования или понятного контекста сокращение может ухудшить понимание, поэтому сохраняем.",Без изменения,1,0,SPAN
home-more,"пн, 5 окт",Операционное значение,Да,Оставить,"пн, 5 окт","Это значение, статус или бизнес-данные тестового снимка; оно нужно для работы и не считается текстовым шумом.",Без изменения,1,0,SPAN
home-more,11:59,Динамические бизнес-данные,Да,Оставить,11:59,"Это значение, статус или бизнес-данные тестового снимка; оно нужно для работы и не считается текстовым шумом.",Без изменения,1,0,TIME
home-more,Выход,Надпись интерфейса,Да,Оставить,Выход,"Это самостоятельная надпись или справка интерфейса. Без подтверждённого дублирования или понятного контекста сокращение может ухудшить понимание, поэтому сохраняем.",Без изменения,1,0,BUTTON
home-more,admin,Текстовая подпись или значение,Да,Оставить,admin,"Это самостоятельная надпись или справка интерфейса. Без подтверждённого дублирования или понятного контекста сокращение может ухудшить понимание, поэтому сохраняем.",Без изменения,1,0,SPAN
home-more,График,Надпись интерфейса,Да,Оставить,График,"Это самостоятельная надпись или справка интерфейса. Без подтверждённого дублирования или понятного контекста сокращение может ухудшить понимание, поэтому сохраняем.",Без изменения,1,0,A
home-more,Касса,Надпись интерфейса,Да,Оставить,Касса,"Это самостоятельная надпись или справка интерфейса. Без подтверждённого дублирования или понятного контекста сокращение может ухудшить понимание, поэтому сохраняем.",Без изменения,1,0,SUMMARY
home-more,На смене пока никого,Текстовая подпись или значение,Да,Оставить,На смене пока никого,"Это самостоятельная надпись или справка интерфейса. Без подтверждённого дублирования или понятного контекста сокращение может ухудшить понимание, поэтому сохраняем.",Без изменения,1,0,DIV
home-more,Работа станции,Надпись интерфейса,Да,Оставить,Работа станции,"Это самостоятельная надпись или справка интерфейса. Без подтверждённого дублирования или понятного контекста сокращение может ухудшить понимание, поэтому сохраняем.",Без изменения,1,0,H1
home-more,Прокат · Текущая смена,Текстовая подпись или значение,Да,Оставить,Прокат · Текущая смена,"Это самостоятельная надпись или справка интерфейса. Без подтверждённого дублирования или понятного контекста сокращение может ухудшить понимание, поэтому сохраняем.",Без изменения,1,0,SPAN
home-more,Новая аренда,Надпись интерфейса,Да,Оставить,Новая аренда,"Это самостоятельная надпись или справка интерфейса. Без подтверждённого дублирования или понятного контекста сокращение может ухудшить понимание, поэтому сохраняем.",Без изменения,1,0,BUTTON
home-more,Свободная цена,Надпись интерфейса,Да,Оставить,Свободная цена,"Это самостоятельная надпись или справка интерфейса. Без подтверждённого дублирования или понятного контекста сокращение может ухудшить понимание, поэтому сохраняем.",Без изменения,1,0,BUTTON
home-more,Ctrl K,Текст без отдельного UI-контрола,Да,Оставить,Ctrl K,"Это самостоятельная надпись или справка интерфейса. Без подтверждённого дублирования или понятного контекста сокращение может ухудшить понимание, поэтому сохраняем.",Без изменения,1,0,KBD
home-more,×,Надпись интерфейса,Да,Оставить,×,"Это самостоятельная надпись или справка интерфейса. Без подтверждённого дублирования или понятного контекста сокращение может ухудшить понимание, поэтому сохраняем.",Без изменения,1,0,BUTTON
home-more,На воде,Операционный статус,Да,Оставить,На воде,"Это значение, статус или бизнес-данные тестового снимка; оно нужно для работы и не считается текстовым шумом.",Без изменения,1,0,BUTTON
home-more,Брони,Надпись интерфейса,Да,Оставить,Брони,"Это самостоятельная надпись или справка интерфейса. Без подтверждённого дублирования или понятного контекста сокращение может ухудшить понимание, поэтому сохраняем.",Без изменения,1,0,BUTTON
home-more,За день,Надпись интерфейса,Да,Оставить,За день,"Это самостоятельная надпись или справка интерфейса. Без подтверждённого дублирования или понятного контекста сокращение может ухудшить понимание, поэтому сохраняем.",Без изменения,1,0,BUTTON
home-more,Клиенты,Надпись интерфейса,Да,Оставить,Клиенты,"Это самостоятельная надпись или справка интерфейса. Без подтверждённого дублирования или понятного контекста сокращение может ухудшить понимание, поэтому сохраняем.",Без изменения,1,0,BUTTON
home-more,Ещё,Надпись интерфейса,Да,Оставить,Ещё,"Это самостоятельная надпись или справка интерфейса. Без подтверждённого дублирования или понятного контекста сокращение может ухудшить понимание, поэтому сохраняем.",Без изменения,1,0,BUTTON
home-more,5 октября в 11:59,Текстовая подпись или значение,Да,Оставить,5 октября в 11:59,"Это самостоятельная надпись или справка интерфейса. Без подтверждённого дублирования или понятного контекста сокращение может ухудшить понимание, поэтому сохраняем.",Без изменения,1,0,SPAN
home-more,Дата,Надпись интерфейса,Да,Оставить,Дата,"Это самостоятельная надпись или справка интерфейса. Без подтверждённого дублирования или понятного контекста сокращение может ухудшить понимание, поэтому сохраняем.",Без изменения,1,0,LABEL
home-more,Обновить,Надпись интерфейса,Да,Оставить,Обновить,"Это самостоятельная надпись или справка интерфейса. Без подтверждённого дублирования или понятного контекста сокращение может ухудшить понимание, поэтому сохраняем.",Без изменения,1,0,BUTTON
home-more,Обновлено 11:59:52,Справочный текст,Да,Оставить,Обновлено 11:59:52,"Это самостоятельная надпись или справка интерфейса. Без подтверждённого дублирования или понятного контекста сокращение может ухудшить понимание, поэтому сохраняем.",Без изменения,1,0,SMALL
home-more,Принято за прокат,Текстовая подпись или значение,Да,Оставить,Принято за прокат,"Это самостоятельная надпись или справка интерфейса. Без подтверждённого дублирования или понятного контекста сокращение может ухудшить понимание, поэтому сохраняем.",Без изменения,1,0,SPAN
home-more,"41 000,00 ₽",Динамические бизнес-данные,Да,Оставить,"41 000,00 ₽","Это значение, статус или бизнес-данные тестового снимка; оно нужно для работы и не считается текстовым шумом.",Без изменения,1,0,STRONG
home-more,Оплаты при выдаче · Москва,Справочный текст,Да,Оставить,Оплаты при выдаче · Москва,"Это самостоятельная надпись или справка интерфейса. Без подтверждённого дублирования или понятного контекста сокращение может ухудшить понимание, поэтому сохраняем.",Без изменения,1,0,SMALL
home-more,Сейчас на воде,Текстовая подпись или значение,Да,Оставить,Сейчас на воде,"Это самостоятельная надпись или справка интерфейса. Без подтверждённого дублирования или понятного контекста сокращение может ухудшить понимание, поэтому сохраняем.",Без изменения,1,0,SPAN
home-more,41,Динамический счётчик,Да,Оставить,41,"Это самостоятельная надпись или справка интерфейса. Без подтверждённого дублирования или понятного контекста сокращение может ухудшить понимание, поэтому сохраняем.",Без изменения,1,0,STRONG
home-more,Единиц техники,Справочный текст,Да,Оставить,Единиц техники,"Это самостоятельная надпись или справка интерфейса. Без подтверждённого дублирования или понятного контекста сокращение может ухудшить понимание, поэтому сохраняем.",Без изменения,1,0,SMALL
home-more,Смена и касса,Надпись интерфейса,Да,Оставить,Смена и касса,"Это самостоятельная надпись или справка интерфейса. Без подтверждённого дублирования или понятного контекста сокращение может ухудшить понимание, поэтому сохраняем.",Без изменения,1,0,SUMMARY
home-more,Зарплата сотрудникам,Надпись интерфейса,Да,Оставить,Зарплата сотрудникам,"Это самостоятельная надпись или справка интерфейса. Без подтверждённого дублирования или понятного контекста сокращение может ухудшить понимание, поэтому сохраняем.",Без изменения,1,0,SUMMARY
home-more,Свободно сейчас,Надпись интерфейса,Да,Оставить,Свободно сейчас,"Это самостоятельная надпись или справка интерфейса. Без подтверждённого дублирования или понятного контекста сокращение может ухудшить понимание, поэтому сохраняем.",Без изменения,1,0,SUMMARY
home-more,Содержимое сайта и SEO,Надпись интерфейса,"Да, в настройках",Перенести с экрана,Оставить доступ в «Настройки» → соответствующий раздел; убрать этот пункт/контрол из «Ещё».,"SEO, редактор сайта, платные SMS и редкие административные настройки не относятся к ежедневным операциям. Рекомендация аудита: отделить их от кассы и зарплаты, сохранив доступ и поведение.",Экран «Ещё»; настройка сохраняется в системе,1,1,SUMMARY
home-more,Главная страница: тексты,Надпись интерфейса,Да,Оставить,Главная страница: тексты,"Это самостоятельная надпись или справка интерфейса. Без подтверждённого дублирования или понятного контекста сокращение может ухудшить понимание, поэтому сохраняем.",Без изменения,1,0,SUMMARY
home-more,Фотографии,Надпись интерфейса,"Да, в настройках",Перенести с экрана,Оставить доступ в «Настройки» → соответствующий раздел; убрать этот пункт/контрол из «Ещё».,"SEO, редактор сайта, платные SMS и редкие административные настройки не относятся к ежедневным операциям. Рекомендация аудита: отделить их от кассы и зарплаты, сохранив доступ и поведение.",Экран «Ещё»; настройка сохраняется в системе,1,1,SUMMARY
home-more,Контакты и часы работы,Надпись интерфейса,"Да, в настройках",Перенести с экрана,Оставить доступ в «Настройки» → соответствующий раздел; убрать этот пункт/контрол из «Ещё».,"SEO, редактор сайта, платные SMS и редкие административные настройки не относятся к ежедневным операциям. Рекомендация аудита: отделить их от кассы и зарплаты, сохранив доступ и поведение.",Экран «Ещё»; настройка сохраняется в системе,1,1,SUMMARY
home-more,Флот: цены и описания,Надпись интерфейса,Да,Оставить,Флот: цены и описания,"Это самостоятельная надпись или справка интерфейса. Без подтверждённого дублирования или понятного контекста сокращение может ухудшить понимание, поэтому сохраняем.",Без изменения,1,0,SUMMARY
home-more,Тарифы САПа,Надпись интерфейса,"Да, в настройках",Перенести с экрана,Оставить доступ в «Настройки» → соответствующий раздел; убрать этот пункт/контрол из «Ещё».,"SEO, редактор сайта, платные SMS и редкие административные настройки не относятся к ежедневным операциям. Рекомендация аудита: отделить их от кассы и зарплаты, сохранив доступ и поведение.",Экран «Ещё»; настройка сохраняется в системе,1,1,SUMMARY
home-more,SEO и ссылки в соцсетях,Надпись интерфейса,"Да, в настройках",Перенести с экрана,Оставить доступ в «Настройки» → соответствующий раздел; убрать этот пункт/контрол из «Ещё».,"SEO, редактор сайта, платные SMS и редкие административные настройки не относятся к ежедневным операциям. Рекомендация аудита: отделить их от кассы и зарплаты, сохранив доступ и поведение.",Экран «Ещё»; настройка сохраняется в системе,1,1,SUMMARY
home-more,SEO: страницы услуг,Надпись интерфейса,"Да, в настройках",Перенести с экрана,Оставить доступ в «Настройки» → соответствующий раздел; убрать этот пункт/контрол из «Ещё».,"SEO, редактор сайта, платные SMS и редкие административные настройки не относятся к ежедневным операциям. Рекомендация аудита: отделить их от кассы и зарплаты, сохранив доступ и поведение.",Экран «Ещё»; настройка сохраняется в системе,1,1,SUMMARY
home-more,Предыдущие публикации,Надпись интерфейса,Да,Оставить,Предыдущие публикации,"Это самостоятельная надпись или справка интерфейса. Без подтверждённого дублирования или понятного контекста сокращение может ухудшить понимание, поэтому сохраняем.",Без изменения,1,0,SUMMARY
home-more,Доступ сотрудника,Надпись интерфейса,"Да, в настройках",Перенести с экрана,Оставить доступ в «Настройки» → соответствующий раздел; убрать этот пункт/контрол из «Ещё».,"SEO, редактор сайта, платные SMS и редкие административные настройки не относятся к ежедневным операциям. Рекомендация аудита: отделить их от кассы и зарплаты, сохранив доступ и поведение.",Экран «Ещё»; настройка сохраняется в системе,1,1,SUMMARY
home-more,Управление станцией,Текстовая подпись или значение,"Да, в настройках",Перенести с экрана,Оставить доступ в «Настройки» → соответствующий раздел; убрать этот пункт/контрол из «Ещё».,"SEO, редактор сайта, платные SMS и редкие административные настройки не относятся к ежедневным операциям. Рекомендация аудита: отделить их от кассы и зарплаты, сохранив доступ и поведение.",Экран «Ещё»; настройка сохраняется в системе,1,1,SPAN
home-more,Кафе · заказы,Надпись интерфейса,Да,Оставить,Кафе · заказы,"Это самостоятельная надпись или справка интерфейса. Без подтверждённого дублирования или понятного контекста сокращение может ухудшить понимание, поэтому сохраняем.",Без изменения,1,0,A
home-more,Администратор,Текстовая подпись или значение,Да,Оставить,Администратор,"Это самостоятельная надпись или справка интерфейса. Без подтверждённого дублирования или понятного контекста сокращение может ухудшить понимание, поэтому сохраняем.",Без изменения,1,0,DIV
home-more,СМС и уведомления,Надпись интерфейса,"Да, в настройках",Перенести с экрана,Оставить доступ в «Настройки» → соответствующий раздел; убрать этот пункт/контрол из «Ещё».,"SEO, редактор сайта, платные SMS и редкие административные настройки не относятся к ежедневным операциям. Рекомендация аудита: отделить их от кассы и зарплаты, сохранив доступ и поведение.",Экран «Ещё»; настройка сохраняется в системе,1,1,H2
home-more,Телефон станции: +7 (903) 963-31-35. Изменяется в «Содержимое сайта и SEO» после публикации. Ссылка общая для промокода и напоминаний. Все времена — московские.,Справочный текст,Да,Оставить,Телефон станции: +7 (903) 963-31-35. Изменяется в «Содержимое сайта и SEO» после публикации. Ссылка общая для промокода и напоминаний. Все времена — московские.,"Это самостоятельная надпись или справка интерфейса. Без подтверждённого дублирования или понятного контекста сокращение может ухудшить понимание, поэтому сохраняем.",Без изменения,1,0,P
home-more,СМС оплачиваются с баланса SMS Aero. Длинное сообщение состоит из нескольких платных частей; у некоторых операторов пакетная тарификация. Отправка может задержаться на модерации. Неоднозначный результат не повторяется автоматически.,Справочный текст,Да,Оставить,СМС оплачиваются с баланса SMS Aero. Длинное сообщение состоит из нескольких платных частей; у некоторых операторов пакетная тарификация. Отправка может задержаться на модерации. Неоднозначный результат не повторяется автоматически.,"Это самостоятельная надпись или справка интерфейса. Без подтверждённого дублирования или понятного контекста сокращение может ухудшить понимание, поэтому сохраняем.",Без изменения,1,0,P
home-more,Включить платную отправку СМС,Надпись интерфейса,"Да, в настройках",Перенести с экрана,Оставить доступ в «Настройки» → соответствующий раздел; убрать этот пункт/контрол из «Ещё».,"SEO, редактор сайта, платные SMS и редкие административные настройки не относятся к ежедневным операциям. Рекомендация аудита: отделить их от кассы и зарплаты, сохранив доступ и поведение.",Экран «Ещё»; настройка сохраняется в системе,1,1,LABEL
home-more,СМС с промокодом,Надпись интерфейса,"Да, в настройках",Перенести с экрана,Оставить доступ в «Настройки» → соответствующий раздел; убрать этот пункт/контрол из «Ещё».,"SEO, редактор сайта, платные SMS и редкие административные настройки не относятся к ежедневным операциям. Рекомендация аудита: отделить их от кассы и зарплаты, сохранив доступ и поведение.",Экран «Ещё»; настройка сохраняется в системе,1,1,LABEL
home-more,Напоминания за 1 час,Надпись интерфейса,Да,Оставить,Напоминания за 1 час,"Это самостоятельная надпись или справка интерфейса. Без подтверждённого дублирования или понятного контекста сокращение может ухудшить понимание, поэтому сохраняем.",Без изменения,1,0,LABEL
home-more,Лимит сообщений в день (не рублей и не SMS-сегментов),Надпись интерфейса,Да,Оставить,Лимит сообщений в день (не рублей и не SMS-сегментов),"Это самостоятельная надпись или справка интерфейса. Без подтверждённого дублирования или понятного контекста сокращение может ухудшить понимание, поэтому сохраняем.",Без изменения,1,0,LABEL
home-more,Имя отправителя SMS Aero,Надпись интерфейса,"Да, в настройках",Перенести с экрана,Оставить доступ в «Настройки» → соответствующий раздел; убрать этот пункт/контрол из «Ещё».,"SEO, редактор сайта, платные SMS и редкие административные настройки не относятся к ежедневным операциям. Рекомендация аудита: отделить их от кассы и зарплаты, сохранив доступ и поведение.",Экран «Ещё»; настройка сохраняется в системе,1,1,LABEL
home-more,Общая ссылка на Яндекс.Навигатор,Надпись интерфейса,Да,Оставить,Общая ссылка на Яндекс.Навигатор,"Это самостоятельная надпись или справка интерфейса. Без подтверждённого дублирования или понятного контекста сокращение может ухудшить понимание, поэтому сохраняем.",Без изменения,1,0,LABEL
home-more,"Отмена при опоздании более, минут",Надпись интерфейса,Да,Оставить,"Отмена при опоздании более, минут","Это самостоятельная надпись или справка интерфейса. Без подтверждённого дублирования или понятного контекста сокращение может ухудшить понимание, поэтому сохраняем.",Без изменения,1,0,LABEL
home-more,Промокод,Надпись интерфейса,Да,Оставить,Промокод,"Это самостоятельная надпись или справка интерфейса. Без подтверждённого дублирования или понятного контекста сокращение может ухудшить понимание, поэтому сохраняем.",Без изменения,1,0,LABEL
home-more,"Скидка, ₽",Надпись интерфейса,Да,Оставить,"Скидка, ₽","Это самостоятельная надпись или справка интерфейса. Без подтверждённого дублирования или понятного контекста сокращение может ухудшить понимание, поэтому сохраняем.",Без изменения,1,0,LABEL
home-more,Сохранить настройки СМС,Надпись интерфейса,"Да, в настройках",Перенести с экрана,Оставить доступ в «Настройки» → соответствующий раздел; убрать этот пункт/контрол из «Ещё».,"SEO, редактор сайта, платные SMS и редкие административные настройки не относятся к ежедневным операциям. Рекомендация аудита: отделить их от кассы и зарплаты, сохранив доступ и поведение.",Экран «Ещё»; настройка сохраняется в системе,1,1,BUTTON
home-more,Журнал СМС (последние 100),Надпись интерфейса,"Да, в настройках",Перенести с экрана,Оставить доступ в «Настройки» → соответствующий раздел; убрать этот пункт/контрол из «Ещё».,"SEO, редактор сайта, платные SMS и редкие административные настройки не относятся к ежедневным операциям. Рекомендация аудита: отделить их от кассы и зарплаты, сохранив доступ и поведение.",Экран «Ещё»; настройка сохраняется в системе,1,1,SUMMARY
home-more,Рабочий день не открыт,Операционный статус,Да,Оставить,Рабочий день не открыт,"Это значение, статус или бизнес-данные тестового снимка; оно нужно для работы и не считается текстовым шумом.",Без изменения,1,0,SPAN
home-more,Счета гостей,Текстовая подпись или значение,Да,Оставить,Счета гостей,"Это самостоятельная надпись или справка интерфейса. Без подтверждённого дублирования или понятного контекста сокращение может ухудшить понимание, поэтому сохраняем.",Без изменения,1,0,SPAN
home-more,Подвести и сохранить итог дня,Текстовая подпись или значение,Да,Оставить,Подвести и сохранить итог дня,"Это самостоятельная надпись или справка интерфейса. Без подтверждённого дублирования или понятного контекста сокращение может ухудшить понимание, поэтому сохраняем.",Без изменения,1,0,SPAN
home-more,Распечатать предварительный отчёт,Надпись интерфейса,Да,Оставить,Распечатать предварительный отчёт,"Это самостоятельная надпись или справка интерфейса. Без подтверждённого дублирования или понятного контекста сокращение может ухудшить понимание, поэтому сохраняем.",Без изменения,1,0,BUTTON
loaded-rental,СТАРТ,Надпись интерфейса,Да,Оставить,СТАРТ,"Это самостоятельная надпись или справка интерфейса. Без подтверждённого дублирования или понятного контекста сокращение может ухудшить понимание, поэтому сохраняем.",Без изменения,1,0,A
loaded-rental,Прокат,Надпись интерфейса,Да,Оставить,Прокат,"Это самостоятельная надпись или справка интерфейса. Без подтверждённого дублирования или понятного контекста сокращение может ухудшить понимание, поэтому сохраняем.",Без изменения,1,0,A
loaded-rental,Кафе · 10,Надпись интерфейса,Да,Оставить,Кафе · 10,"Это самостоятельная надпись или справка интерфейса. Без подтверждённого дублирования или понятного контекста сокращение может ухудшить понимание, поэтому сохраняем.",Без изменения,1,0,A
loaded-rental,Закупка,Надпись интерфейса,Да,Оставить,Закупка,"Это самостоятельная надпись или справка интерфейса. Без подтверждённого дублирования или понятного контекста сокращение может ухудшить понимание, поэтому сохраняем.",Без изменения,1,0,A
loaded-rental,Дела,Надпись интерфейса,Да,Оставить,Дела,"Это самостоятельная надпись или справка интерфейса. Без подтверждённого дублирования или понятного контекста сокращение может ухудшить понимание, поэтому сохраняем.",Без изменения,1,0,A
loaded-rental,Настройки,Надпись интерфейса,Да,Оставить,Настройки,"Это самостоятельная надпись или справка интерфейса. Без подтверждённого дублирования или понятного контекста сокращение может ухудшить понимание, поэтому сохраняем.",Без изменения,1,0,A
loaded-rental,На связи,Значение строки проката или заказа,Да,Оставить,На связи,"Это самостоятельная надпись или справка интерфейса. Без подтверждённого дублирования или понятного контекста сокращение может ухудшить понимание, поэтому сохраняем.",Без изменения,1,0,SPAN
loaded-rental,! Принтер,Значение строки проката или заказа,Да,Оставить,! Принтер,"Это самостоятельная надпись или справка интерфейса. Без подтверждённого дублирования или понятного контекста сокращение может ухудшить понимание, поэтому сохраняем.",Без изменения,1,0,SPAN
loaded-rental,! Терминал,Значение строки проката или заказа,Да,Оставить,! Терминал,"Это самостоятельная надпись или справка интерфейса. Без подтверждённого дублирования или понятного контекста сокращение может ухудшить понимание, поэтому сохраняем.",Без изменения,1,0,SPAN
loaded-rental,"пн, 5 окт",Операционное значение,Да,Оставить,"пн, 5 окт","Это значение, статус или бизнес-данные тестового снимка; оно нужно для работы и не считается текстовым шумом.",Без изменения,1,0,SPAN
loaded-rental,12:00,Динамические бизнес-данные,Да,Оставить,12:00,"Это значение, статус или бизнес-данные тестового снимка; оно нужно для работы и не считается текстовым шумом.",Без изменения,2,0,SPAN|TIME
loaded-rental,Выход,Надпись интерфейса,Да,Оставить,Выход,"Это самостоятельная надпись или справка интерфейса. Без подтверждённого дублирования или понятного контекста сокращение может ухудшить понимание, поэтому сохраняем.",Без изменения,1,0,BUTTON
loaded-rental,admin,Значение строки проката или заказа,Да,Оставить,admin,"Это самостоятельная надпись или справка интерфейса. Без подтверждённого дублирования или понятного контекста сокращение может ухудшить понимание, поэтому сохраняем.",Без изменения,1,0,SPAN
loaded-rental,График,Надпись интерфейса,Да,Оставить,График,"Это самостоятельная надпись или справка интерфейса. Без подтверждённого дублирования или понятного контекста сокращение может ухудшить понимание, поэтому сохраняем.",Без изменения,1,0,A
loaded-rental,Касса,Надпись интерфейса,Да,Оставить,Касса,"Это самостоятельная надпись или справка интерфейса. Без подтверждённого дублирования или понятного контекста сокращение может ухудшить понимание, поэтому сохраняем.",Без изменения,1,0,SUMMARY
loaded-rental,На смене пока никого,Значение строки проката или заказа,Да,Оставить,На смене пока никого,"Это самостоятельная надпись или справка интерфейса. Без подтверждённого дублирования или понятного контекста сокращение может ухудшить понимание, поэтому сохраняем.",Без изменения,1,0,DIV
loaded-rental,Работа станции,Надпись интерфейса,Да,Оставить,Работа станции,"Это самостоятельная надпись или справка интерфейса. Без подтверждённого дублирования или понятного контекста сокращение может ухудшить понимание, поэтому сохраняем.",Без изменения,1,0,H1
loaded-rental,Прокат · Текущая смена,Значение строки проката или заказа,Да,Оставить,Прокат · Текущая смена,"Это самостоятельная надпись или справка интерфейса. Без подтверждённого дублирования или понятного контекста сокращение может ухудшить понимание, поэтому сохраняем.",Без изменения,1,0,SPAN
loaded-rental,Новая аренда,Надпись интерфейса,Да,Оставить,Новая аренда,"Это самостоятельная надпись или справка интерфейса. Без подтверждённого дублирования или понятного контекста сокращение может ухудшить понимание, поэтому сохраняем.",Без изменения,1,0,BUTTON
loaded-rental,Свободная цена,Надпись интерфейса,Да,Оставить,Свободная цена,"Это самостоятельная надпись или справка интерфейса. Без подтверждённого дублирования или понятного контекста сокращение может ухудшить понимание, поэтому сохраняем.",Без изменения,1,0,BUTTON
loaded-rental,Ctrl K,Текст без отдельного UI-контрола,Да,Оставить,Ctrl K,"Это самостоятельная надпись или справка интерфейса. Без подтверждённого дублирования или понятного контекста сокращение может ухудшить понимание, поэтому сохраняем.",Без изменения,1,0,KBD
loaded-rental,×,Надпись интерфейса,Да,Оставить,×,"Это самостоятельная надпись или справка интерфейса. Без подтверждённого дублирования или понятного контекста сокращение может ухудшить понимание, поэтому сохраняем.",Без изменения,1,0,BUTTON
loaded-rental,На воде,Операционный статус,Да,Оставить,На воде,"Это значение, статус или бизнес-данные тестового снимка; оно нужно для работы и не считается текстовым шумом.",Без изменения,2,0,BUTTON
loaded-rental,Брони,Надпись интерфейса,Да,Оставить,Брони,"Это самостоятельная надпись или справка интерфейса. Без подтверждённого дублирования или понятного контекста сокращение может ухудшить понимание, поэтому сохраняем.",Без изменения,1,0,BUTTON
loaded-rental,За день,Надпись интерфейса,Да,Оставить,За день,"Это самостоятельная надпись или справка интерфейса. Без подтверждённого дублирования или понятного контекста сокращение может ухудшить понимание, поэтому сохраняем.",Без изменения,1,0,BUTTON
loaded-rental,Клиенты,Надпись интерфейса,Да,Оставить,Клиенты,"Это самостоятельная надпись или справка интерфейса. Без подтверждённого дублирования или понятного контекста сокращение может ухудшить понимание, поэтому сохраняем.",Без изменения,1,0,BUTTON
loaded-rental,Ещё,Надпись интерфейса,Да,Оставить,Ещё,"Это самостоятельная надпись или справка интерфейса. Без подтверждённого дублирования или понятного контекста сокращение может ухудшить понимание, поэтому сохраняем.",Без изменения,1,0,BUTTON
loaded-rental,41,Динамический счётчик,Да,Оставить,41,"Это самостоятельная надпись или справка интерфейса. Без подтверждённого дублирования или понятного контекста сокращение может ухудшить понимание, поэтому сохраняем.",Без изменения,1,0,B
loaded-rental,Просрочка,Операционный статус,Да,Оставить,Просрочка,"Это значение, статус или бизнес-данные тестового снимка; оно нужно для работы и не считается текстовым шумом.",Без изменения,1,0,BUTTON
loaded-rental,11,Динамический счётчик,Да,Оставить,11,"Это самостоятельная надпись или справка интерфейса. Без подтверждённого дублирования или понятного контекста сокращение может ухудшить понимание, поэтому сохраняем.",Без изменения,1,0,B
loaded-rental,≤10 мин,Надпись интерфейса,Да,Оставить,≤10 мин,"Это самостоятельная надпись или справка интерфейса. Без подтверждённого дублирования или понятного контекста сокращение может ухудшить понимание, поэтому сохраняем.",Без изменения,1,0,BUTTON
loaded-rental,5,Динамический счётчик,Да,Оставить,5,"Это самостоятельная надпись или справка интерфейса. Без подтверждённого дублирования или понятного контекста сокращение может ухудшить понимание, поэтому сохраняем.",Без изменения,1,0,B
loaded-rental,Техника,Значение строки проката или заказа,Да,Оставить,Техника,"Это самостоятельная надпись или справка интерфейса. Без подтверждённого дублирования или понятного контекста сокращение может ухудшить понимание, поэтому сохраняем.",Без изменения,1,0,SPAN
loaded-rental,Клиент,Значение строки проката или заказа,Да,Оставить,Клиент,"Это самостоятельная надпись или справка интерфейса. Без подтверждённого дублирования или понятного контекста сокращение может ухудшить понимание, поэтому сохраняем.",Без изменения,1,0,SPAN
loaded-rental,До,Значение строки проката или заказа,Да,Оставить,До,"Это самостоятельная надпись или справка интерфейса. Без подтверждённого дублирования или понятного контекста сокращение может ухудшить понимание, поэтому сохраняем.",Без изменения,1,0,SPAN
loaded-rental,Осталось,Значение строки проката или заказа,Да,Оставить,Осталось,"Это самостоятельная надпись или справка интерфейса. Без подтверждённого дублирования или понятного контекста сокращение может ухудшить понимание, поэтому сохраняем.",Без изменения,1,0,SPAN
loaded-rental,Действия,Значение строки проката или заказа,Да,Оставить,Действия,"Это самостоятельная надпись или справка интерфейса. Без подтверждённого дублирования или понятного контекста сокращение может ухудшить понимание, поэтому сохраняем.",Без изменения,1,0,SPAN
loaded-rental,САП,Данные проката: вид техники,Да,Оставить,САП,"Это значение, статус или бизнес-данные тестового снимка; оно нужно для работы и не считается текстовым шумом.",Без изменения,35,0,STRONG
loaded-rental,+43 мин,Динамические бизнес-данные,Да,Оставить,+43 мин,"Это значение, статус или бизнес-данные тестового снимка; оно нужно для работы и не считается текстовым шумом.",Без изменения,1,0,SPAN
loaded-rental,Тестовый гость 01,Динамические бизнес-данные,Да,Оставить,Тестовый гость 01,"Это значение, статус или бизнес-данные тестового снимка; оно нужно для работы и не считается текстовым шумом.",Без изменения,1,0,SPAN
loaded-rental,11:16,Динамические бизнес-данные,Да,Оставить,11:16,"Это значение, статус или бизнес-данные тестового снимка; оно нужно для работы и не считается текстовым шумом.",Без изменения,1,0,SPAN
loaded-rental,Вернулся,Надпись интерфейса: действие,"Да, действие возврата",Сократить,Вернуть,"Снимок loaded-rental.txt подтверждает, что это кнопка, выполняющая возврат, а не уже наступивший статус. Повелительная форма яснее; доплату и состояние оплаты рядом с действием сохранить.","Только кнопки возврата оборудования, не сохранённые статусы",40,40,SPAN
loaded-rental,+30,Надпись интерфейса,Да,Оставить,+30,"Это самостоятельная надпись или справка интерфейса. Без подтверждённого дублирования или понятного контекста сокращение может ухудшить понимание, поэтому сохраняем.",Без изменения,40,0,BUTTON
loaded-rental,+60,Надпись интерфейса,Да,Оставить,+60,"Это самостоятельная надпись или справка интерфейса. Без подтверждённого дублирования или понятного контекста сокращение может ухудшить понимание, поэтому сохраняем.",Без изменения,40,0,BUTTON
loaded-rental,+38 мин,Динамические бизнес-данные,Да,Оставить,+38 мин,"Это значение, статус или бизнес-данные тестового снимка; оно нужно для работы и не считается текстовым шумом.",Без изменения,1,0,SPAN
loaded-rental,Тестовый гость 02,Динамические бизнес-данные,Да,Оставить,Тестовый гость 02,"Это значение, статус или бизнес-данные тестового снимка; оно нужно для работы и не считается текстовым шумом.",Без изменения,1,0,SPAN
loaded-rental,11:21,Динамические бизнес-данные,Да,Оставить,11:21,"Это значение, статус или бизнес-данные тестового снимка; оно нужно для работы и не считается текстовым шумом.",Без изменения,1,0,SPAN
loaded-rental,+33 мин,Динамические бизнес-данные,Да,Оставить,+33 мин,"Это значение, статус или бизнес-данные тестового снимка; оно нужно для работы и не считается текстовым шумом.",Без изменения,1,0,SPAN
loaded-rental,Тестовый гость 03,Динамические бизнес-данные,Да,Оставить,Тестовый гость 03,"Это значение, статус или бизнес-данные тестового снимка; оно нужно для работы и не считается текстовым шумом.",Без изменения,1,0,SPAN
loaded-rental,11:26,Динамические бизнес-данные,Да,Оставить,11:26,"Это значение, статус или бизнес-данные тестового снимка; оно нужно для работы и не считается текстовым шумом.",Без изменения,1,0,SPAN
loaded-rental,+28 мин,Динамические бизнес-данные,Да,Оставить,+28 мин,"Это значение, статус или бизнес-данные тестового снимка; оно нужно для работы и не считается текстовым шумом.",Без изменения,1,0,SPAN
loaded-rental,Тестовый гость 04,Динамические бизнес-данные,Да,Оставить,Тестовый гость 04,"Это значение, статус или бизнес-данные тестового снимка; оно нужно для работы и не считается текстовым шумом.",Без изменения,1,0,SPAN
loaded-rental,11:31,Динамические бизнес-данные,Да,Оставить,11:31,"Это значение, статус или бизнес-данные тестового снимка; оно нужно для работы и не считается текстовым шумом.",Без изменения,1,0,SPAN
loaded-rental,+23 мин,Динамические бизнес-данные,Да,Оставить,+23 мин,"Это значение, статус или бизнес-данные тестового снимка; оно нужно для работы и не считается текстовым шумом.",Без изменения,1,0,SPAN
loaded-rental,Тестовый гость 05,Динамические бизнес-данные,Да,Оставить,Тестовый гость 05,"Это значение, статус или бизнес-данные тестового снимка; оно нужно для работы и не считается текстовым шумом.",Без изменения,1,0,SPAN
loaded-rental,11:36,Динамические бизнес-данные,Да,Оставить,11:36,"Это значение, статус или бизнес-данные тестового снимка; оно нужно для работы и не считается текстовым шумом.",Без изменения,1,0,SPAN
loaded-rental,+18 мин,Динамические бизнес-данные,Да,Оставить,+18 мин,"Это значение, статус или бизнес-данные тестового снимка; оно нужно для работы и не считается текстовым шумом.",Без изменения,1,0,SPAN
loaded-rental,Тестовый гость 06,Динамические бизнес-данные,Да,Оставить,Тестовый гость 06,"Это значение, статус или бизнес-данные тестового снимка; оно нужно для работы и не считается текстовым шумом.",Без изменения,1,0,SPAN
loaded-rental,11:41,Динамические бизнес-данные,Да,Оставить,11:41,"Это значение, статус или бизнес-данные тестового снимка; оно нужно для работы и не считается текстовым шумом.",Без изменения,1,0,SPAN
loaded-rental,+13 мин,Динамические бизнес-данные,Да,Оставить,+13 мин,"Это значение, статус или бизнес-данные тестового снимка; оно нужно для работы и не считается текстовым шумом.",Без изменения,1,0,SPAN
loaded-rental,Тестовый гость 07,Динамические бизнес-данные,Да,Оставить,Тестовый гость 07,"Это значение, статус или бизнес-данные тестового снимка; оно нужно для работы и не считается текстовым шумом.",Без изменения,1,0,SPAN
loaded-rental,11:46,Динамические бизнес-данные,Да,Оставить,11:46,"Это значение, статус или бизнес-данные тестового снимка; оно нужно для работы и не считается текстовым шумом.",Без изменения,1,0,SPAN
loaded-rental,+8 мин,Динамические бизнес-данные,Да,Оставить,+8 мин,"Это значение, статус или бизнес-данные тестового снимка; оно нужно для работы и не считается текстовым шумом.",Без изменения,1,0,SPAN
loaded-rental,Тестовый гость 08,Динамические бизнес-данные,Да,Оставить,Тестовый гость 08,"Это значение, статус или бизнес-данные тестового снимка; оно нужно для работы и не считается текстовым шумом.",Без изменения,1,0,SPAN
loaded-rental,11:51,Динамические бизнес-данные,Да,Оставить,11:51,"Это значение, статус или бизнес-данные тестового снимка; оно нужно для работы и не считается текстовым шумом.",Без изменения,1,0,SPAN
loaded-rental,+2 мин,Динамические бизнес-данные,Да,Оставить,+2 мин,"Это значение, статус или бизнес-данные тестового снимка; оно нужно для работы и не считается текстовым шумом.",Без изменения,1,0,SPAN
loaded-rental,Тестовый гость 09,Динамические бизнес-данные,Да,Оставить,Тестовый гость 09,"Это значение, статус или бизнес-данные тестового снимка; оно нужно для работы и не считается текстовым шумом.",Без изменения,1,0,SPAN
loaded-rental,11:57,Динамические бизнес-данные,Да,Оставить,11:57,"Это значение, статус или бизнес-данные тестового снимка; оно нужно для работы и не считается текстовым шумом.",Без изменения,1,0,SPAN
loaded-rental,+1 мин,Динамические бизнес-данные,Да,Оставить,+1 мин,"Это значение, статус или бизнес-данные тестового снимка; оно нужно для работы и не считается текстовым шумом.",Без изменения,1,0,SPAN
loaded-rental,Тестовый гость 10,Динамические бизнес-данные,Да,Оставить,Тестовый гость 10,"Это значение, статус или бизнес-данные тестового снимка; оно нужно для работы и не считается текстовым шумом.",Без изменения,1,0,SPAN
loaded-rental,11:58,Динамические бизнес-данные,Да,Оставить,11:58,"Это значение, статус или бизнес-данные тестового снимка; оно нужно для работы и не считается текстовым шумом.",Без изменения,1,0,SPAN
loaded-rental,+<1 мин,Значение строки проката или заказа,Да,Оставить,+<1 мин,"Это самостоятельная надпись или справка интерфейса. Без подтверждённого дублирования или понятного контекста сокращение может ухудшить понимание, поэтому сохраняем.",Без изменения,1,0,SPAN
loaded-rental,Тестовый гость 11,Динамические бизнес-данные,Да,Оставить,Тестовый гость 11,"Это значение, статус или бизнес-данные тестового снимка; оно нужно для работы и не считается текстовым шумом.",Без изменения,1,0,SPAN
loaded-rental,11:59,Динамические бизнес-данные,Да,Оставить,11:59,"Это значение, статус или бизнес-данные тестового снимка; оно нужно для работы и не считается текстовым шумом.",Без изменения,1,0,SPAN
loaded-rental,<1 мин,Значение строки проката или заказа,Да,Оставить,<1 мин,"Это самостоятельная надпись или справка интерфейса. Без подтверждённого дублирования или понятного контекста сокращение может ухудшить понимание, поэтому сохраняем.",Без изменения,1,0,SPAN
loaded-rental,Тестовый гость 12,Динамические бизнес-данные,Да,Оставить,Тестовый гость 12,"Это значение, статус или бизнес-данные тестового снимка; оно нужно для работы и не считается текстовым шумом.",Без изменения,1,0,SPAN
loaded-rental,1 мин,Динамические бизнес-данные,Да,Оставить,1 мин,"Это значение, статус или бизнес-данные тестового снимка; оно нужно для работы и не считается текстовым шумом.",Без изменения,1,0,SPAN
loaded-rental,Тестовый гость 13,Динамические бизнес-данные,Да,Оставить,Тестовый гость 13,"Это значение, статус или бизнес-данные тестового снимка; оно нужно для работы и не считается текстовым шумом.",Без изменения,1,0,SPAN
loaded-rental,12:01,Динамические бизнес-данные,Да,Оставить,12:01,"Это значение, статус или бизнес-данные тестового снимка; оно нужно для работы и не считается текстовым шумом.",Без изменения,1,0,SPAN
loaded-rental,2 мин,Динамические бизнес-данные,Да,Оставить,2 мин,"Это значение, статус или бизнес-данные тестового снимка; оно нужно для работы и не считается текстовым шумом.",Без изменения,1,0,SPAN
loaded-rental,Тестовый гость 14,Динамические бизнес-данные,Да,Оставить,Тестовый гость 14,"Это значение, статус или бизнес-данные тестового снимка; оно нужно для работы и не считается текстовым шумом.",Без изменения,1,0,SPAN
loaded-rental,12:02,Динамические бизнес-данные,Да,Оставить,12:02,"Это значение, статус или бизнес-данные тестового снимка; оно нужно для работы и не считается текстовым шумом.",Без изменения,1,0,SPAN
loaded-rental,3 мин,Динамические бизнес-данные,Да,Оставить,3 мин,"Это значение, статус или бизнес-данные тестового снимка; оно нужно для работы и не считается текстовым шумом.",Без изменения,1,0,SPAN
loaded-rental,Тестовый гость 15,Динамические бизнес-данные,Да,Оставить,Тестовый гость 15,"Это значение, статус или бизнес-данные тестового снимка; оно нужно для работы и не считается текстовым шумом.",Без изменения,1,0,SPAN
loaded-rental,12:03,Динамические бизнес-данные,Да,Оставить,12:03,"Это значение, статус или бизнес-данные тестового снимка; оно нужно для работы и не считается текстовым шумом.",Без изменения,1,0,SPAN
loaded-rental,4 мин,Динамические бизнес-данные,Да,Оставить,4 мин,"Это значение, статус или бизнес-данные тестового снимка; оно нужно для работы и не считается текстовым шумом.",Без изменения,1,0,SPAN
loaded-rental,Тестовый гость 16,Динамические бизнес-данные,Да,Оставить,Тестовый гость 16,"Это значение, статус или бизнес-данные тестового снимка; оно нужно для работы и не считается текстовым шумом.",Без изменения,1,0,SPAN
loaded-rental,12:04,Динамические бизнес-данные,Да,Оставить,12:04,"Это значение, статус или бизнес-данные тестового снимка; оно нужно для работы и не считается текстовым шумом.",Без изменения,1,0,SPAN
loaded-rental,11 мин,Динамические бизнес-данные,Да,Оставить,11 мин,"Это значение, статус или бизнес-данные тестового снимка; оно нужно для работы и не считается текстовым шумом.",Без изменения,1,0,SPAN
loaded-rental,Тестовый гость 17,Динамические бизнес-данные,Да,Оставить,Тестовый гость 17,"Это значение, статус или бизнес-данные тестового снимка; оно нужно для работы и не считается текстовым шумом.",Без изменения,1,0,SPAN
loaded-rental,12:11,Динамические бизнес-данные,Да,Оставить,12:11,"Это значение, статус или бизнес-данные тестового снимка; оно нужно для работы и не считается текстовым шумом.",Без изменения,1,0,SPAN
loaded-rental,16 мин,Динамические бизнес-данные,Да,Оставить,16 мин,"Это значение, статус или бизнес-данные тестового снимка; оно нужно для работы и не считается текстовым шумом.",Без изменения,1,0,SPAN
loaded-rental,Тестовый гость 18,Динамические бизнес-данные,Да,Оставить,Тестовый гость 18,"Это значение, статус или бизнес-данные тестового снимка; оно нужно для работы и не считается текстовым шумом.",Без изменения,1,0,SPAN
loaded-rental,12:16,Динамические бизнес-данные,Да,Оставить,12:16,"Это значение, статус или бизнес-данные тестового снимка; оно нужно для работы и не считается текстовым шумом.",Без изменения,1,0,SPAN
loaded-rental,21 мин,Динамические бизнес-данные,Да,Оставить,21 мин,"Это значение, статус или бизнес-данные тестового снимка; оно нужно для работы и не считается текстовым шумом.",Без изменения,1,0,SPAN
loaded-rental,Тестовый гость 19,Динамические бизнес-данные,Да,Оставить,Тестовый гость 19,"Это значение, статус или бизнес-данные тестового снимка; оно нужно для работы и не считается текстовым шумом.",Без изменения,1,0,SPAN
loaded-rental,12:21,Динамические бизнес-данные,Да,Оставить,12:21,"Это значение, статус или бизнес-данные тестового снимка; оно нужно для работы и не считается текстовым шумом.",Без изменения,1,0,SPAN
loaded-rental,26 мин,Динамические бизнес-данные,Да,Оставить,26 мин,"Это значение, статус или бизнес-данные тестового снимка; оно нужно для работы и не считается текстовым шумом.",Без изменения,1,0,SPAN
loaded-rental,Тестовый гость 20,Динамические бизнес-данные,Да,Оставить,Тестовый гость 20,"Это значение, статус или бизнес-данные тестового снимка; оно нужно для работы и не считается текстовым шумом.",Без изменения,1,0,SPAN
loaded-rental,12:26,Динамические бизнес-данные,Да,Оставить,12:26,"Это значение, статус или бизнес-данные тестового снимка; оно нужно для работы и не считается текстовым шумом.",Без изменения,1,0,SPAN
loaded-rental,31 мин,Динамические бизнес-данные,Да,Оставить,31 мин,"Это значение, статус или бизнес-данные тестового снимка; оно нужно для работы и не считается текстовым шумом.",Без изменения,1,0,SPAN
loaded-rental,Тестовый гость 21,Динамические бизнес-данные,Да,Оставить,Тестовый гость 21,"Это значение, статус или бизнес-данные тестового снимка; оно нужно для работы и не считается текстовым шумом.",Без изменения,1,0,SPAN
loaded-rental,12:31,Динамические бизнес-данные,Да,Оставить,12:31,"Это значение, статус или бизнес-данные тестового снимка; оно нужно для работы и не считается текстовым шумом.",Без изменения,1,0,SPAN
loaded-rental,36 мин,Динамические бизнес-данные,Да,Оставить,36 мин,"Это значение, статус или бизнес-данные тестового снимка; оно нужно для работы и не считается текстовым шумом.",Без изменения,1,0,SPAN
loaded-rental,Тестовый гость 22,Динамические бизнес-данные,Да,Оставить,Тестовый гость 22,"Это значение, статус или бизнес-данные тестового снимка; оно нужно для работы и не считается текстовым шумом.",Без изменения,1,0,SPAN
loaded-rental,12:36,Динамические бизнес-данные,Да,Оставить,12:36,"Это значение, статус или бизнес-данные тестового снимка; оно нужно для работы и не считается текстовым шумом.",Без изменения,1,0,SPAN
loaded-rental,41 мин,Динамические бизнес-данные,Да,Оставить,41 мин,"Это значение, статус или бизнес-данные тестового снимка; оно нужно для работы и не считается текстовым шумом.",Без изменения,1,0,SPAN
loaded-rental,Тестовый гость 23,Динамические бизнес-данные,Да,Оставить,Тестовый гость 23,"Это значение, статус или бизнес-данные тестового снимка; оно нужно для работы и не считается текстовым шумом.",Без изменения,1,0,SPAN
loaded-rental,12:41,Динамические бизнес-данные,Да,Оставить,12:41,"Это значение, статус или бизнес-данные тестового снимка; оно нужно для работы и не считается текстовым шумом.",Без изменения,1,0,SPAN
loaded-rental,46 мин,Динамические бизнес-данные,Да,Оставить,46 мин,"Это значение, статус или бизнес-данные тестового снимка; оно нужно для работы и не считается текстовым шумом.",Без изменения,1,0,SPAN
loaded-rental,Тестовый гость 24,Динамические бизнес-данные,Да,Оставить,Тестовый гость 24,"Это значение, статус или бизнес-данные тестового снимка; оно нужно для работы и не считается текстовым шумом.",Без изменения,1,0,SPAN
loaded-rental,12:46,Динамические бизнес-данные,Да,Оставить,12:46,"Это значение, статус или бизнес-данные тестового снимка; оно нужно для работы и не считается текстовым шумом.",Без изменения,1,0,SPAN
loaded-rental,51 мин,Динамические бизнес-данные,Да,Оставить,51 мин,"Это значение, статус или бизнес-данные тестового снимка; оно нужно для работы и не считается текстовым шумом.",Без изменения,1,0,SPAN
loaded-rental,Тестовый гость 25,Динамические бизнес-данные,Да,Оставить,Тестовый гость 25,"Это значение, статус или бизнес-данные тестового снимка; оно нужно для работы и не считается текстовым шумом.",Без изменения,1,0,SPAN
loaded-rental,12:51,Динамические бизнес-данные,Да,Оставить,12:51,"Это значение, статус или бизнес-данные тестового снимка; оно нужно для работы и не считается текстовым шумом.",Без изменения,1,0,SPAN
loaded-rental,56 мин,Динамические бизнес-данные,Да,Оставить,56 мин,"Это значение, статус или бизнес-данные тестового снимка; оно нужно для работы и не считается текстовым шумом.",Без изменения,1,0,SPAN
loaded-rental,Тестовый гость 26,Динамические бизнес-данные,Да,Оставить,Тестовый гость 26,"Это значение, статус или бизнес-данные тестового снимка; оно нужно для работы и не считается текстовым шумом.",Без изменения,1,0,SPAN
loaded-rental,12:56,Динамические бизнес-данные,Да,Оставить,12:56,"Это значение, статус или бизнес-данные тестового снимка; оно нужно для работы и не считается текстовым шумом.",Без изменения,1,0,SPAN
loaded-rental,1 ч 1 мин,Динамические бизнес-данные,Да,Оставить,1 ч 1 мин,"Это значение, статус или бизнес-данные тестового снимка; оно нужно для работы и не считается текстовым шумом.",Без изменения,1,0,SPAN
loaded-rental,Тестовый гость 27,Динамические бизнес-данные,Да,Оставить,Тестовый гость 27,"Это значение, статус или бизнес-данные тестового снимка; оно нужно для работы и не считается текстовым шумом.",Без изменения,1,0,SPAN
loaded-rental,13:01,Динамические бизнес-данные,Да,Оставить,13:01,"Это значение, статус или бизнес-данные тестового снимка; оно нужно для работы и не считается текстовым шумом.",Без изменения,1,0,SPAN
loaded-rental,1 ч 6 мин,Динамические бизнес-данные,Да,Оставить,1 ч 6 мин,"Это значение, статус или бизнес-данные тестового снимка; оно нужно для работы и не считается текстовым шумом.",Без изменения,1,0,SPAN
loaded-rental,Тестовый гость 28,Динамические бизнес-данные,Да,Оставить,Тестовый гость 28,"Это значение, статус или бизнес-данные тестового снимка; оно нужно для работы и не считается текстовым шумом.",Без изменения,1,0,SPAN
loaded-rental,13:06,Динамические бизнес-данные,Да,Оставить,13:06,"Это значение, статус или бизнес-данные тестового снимка; оно нужно для работы и не считается текстовым шумом.",Без изменения,1,0,SPAN
loaded-rental,1 ч 11 мин,Динамические бизнес-данные,Да,Оставить,1 ч 11 мин,"Это значение, статус или бизнес-данные тестового снимка; оно нужно для работы и не считается текстовым шумом.",Без изменения,1,0,SPAN
loaded-rental,Тестовый гость 29,Динамические бизнес-данные,Да,Оставить,Тестовый гость 29,"Это значение, статус или бизнес-данные тестового снимка; оно нужно для работы и не считается текстовым шумом.",Без изменения,1,0,SPAN
loaded-rental,13:11,Динамические бизнес-данные,Да,Оставить,13:11,"Это значение, статус или бизнес-данные тестового снимка; оно нужно для работы и не считается текстовым шумом.",Без изменения,1,0,SPAN
loaded-rental,1 ч 16 мин,Динамические бизнес-данные,Да,Оставить,1 ч 16 мин,"Это значение, статус или бизнес-данные тестового снимка; оно нужно для работы и не считается текстовым шумом.",Без изменения,1,0,SPAN
loaded-rental,Тестовый гость 30,Динамические бизнес-данные,Да,Оставить,Тестовый гость 30,"Это значение, статус или бизнес-данные тестового снимка; оно нужно для работы и не считается текстовым шумом.",Без изменения,1,0,SPAN
loaded-rental,13:16,Динамические бизнес-данные,Да,Оставить,13:16,"Это значение, статус или бизнес-данные тестового снимка; оно нужно для работы и не считается текстовым шумом.",Без изменения,1,0,SPAN
loaded-rental,1 ч 21 мин,Динамические бизнес-данные,Да,Оставить,1 ч 21 мин,"Это значение, статус или бизнес-данные тестового снимка; оно нужно для работы и не считается текстовым шумом.",Без изменения,1,0,SPAN
loaded-rental,Тестовый гость 31,Динамические бизнес-данные,Да,Оставить,Тестовый гость 31,"Это значение, статус или бизнес-данные тестового снимка; оно нужно для работы и не считается текстовым шумом.",Без изменения,1,0,SPAN
loaded-rental,13:21,Динамические бизнес-данные,Да,Оставить,13:21,"Это значение, статус или бизнес-данные тестового снимка; оно нужно для работы и не считается текстовым шумом.",Без изменения,1,0,SPAN
loaded-rental,1 ч 26 мин,Динамические бизнес-данные,Да,Оставить,1 ч 26 мин,"Это значение, статус или бизнес-данные тестового снимка; оно нужно для работы и не считается текстовым шумом.",Без изменения,1,0,SPAN
loaded-rental,Тестовый гость 32,Динамические бизнес-данные,Да,Оставить,Тестовый гость 32,"Это значение, статус или бизнес-данные тестового снимка; оно нужно для работы и не считается текстовым шумом.",Без изменения,1,0,SPAN
loaded-rental,13:26,Динамические бизнес-данные,Да,Оставить,13:26,"Это значение, статус или бизнес-данные тестового снимка; оно нужно для работы и не считается текстовым шумом.",Без изменения,1,0,SPAN
loaded-rental,1 ч 31 мин,Динамические бизнес-данные,Да,Оставить,1 ч 31 мин,"Это значение, статус или бизнес-данные тестового снимка; оно нужно для работы и не считается текстовым шумом.",Без изменения,1,0,SPAN
loaded-rental,Тестовый гость 33,Динамические бизнес-данные,Да,Оставить,Тестовый гость 33,"Это значение, статус или бизнес-данные тестового снимка; оно нужно для работы и не считается текстовым шумом.",Без изменения,1,0,SPAN
loaded-rental,13:31,Динамические бизнес-данные,Да,Оставить,13:31,"Это значение, статус или бизнес-данные тестового снимка; оно нужно для работы и не считается текстовым шумом.",Без изменения,1,0,SPAN
loaded-rental,1 ч 36 мин,Динамические бизнес-данные,Да,Оставить,1 ч 36 мин,"Это значение, статус или бизнес-данные тестового снимка; оно нужно для работы и не считается текстовым шумом.",Без изменения,1,0,SPAN
loaded-rental,Тестовый гость 34,Динамические бизнес-данные,Да,Оставить,Тестовый гость 34,"Это значение, статус или бизнес-данные тестового снимка; оно нужно для работы и не считается текстовым шумом.",Без изменения,1,0,SPAN
loaded-rental,13:36,Динамические бизнес-данные,Да,Оставить,13:36,"Это значение, статус или бизнес-данные тестового снимка; оно нужно для работы и не считается текстовым шумом.",Без изменения,1,0,SPAN
loaded-rental,1 ч 41 мин,Динамические бизнес-данные,Да,Оставить,1 ч 41 мин,"Это значение, статус или бизнес-данные тестового снимка; оно нужно для работы и не считается текстовым шумом.",Без изменения,1,0,SPAN
loaded-rental,Тестовый гость 35,Динамические бизнес-данные,Да,Оставить,Тестовый гость 35,"Это значение, статус или бизнес-данные тестового снимка; оно нужно для работы и не считается текстовым шумом.",Без изменения,1,0,SPAN
loaded-rental,13:41,Динамические бизнес-данные,Да,Оставить,13:41,"Это значение, статус или бизнес-данные тестового снимка; оно нужно для работы и не считается текстовым шумом.",Без изменения,1,0,SPAN
loaded-rental,САП ×2,Данные проката: вид техники,Да,Оставить,САП ×2,"Это значение, статус или бизнес-данные тестового снимка; оно нужно для работы и не считается текстовым шумом.",Без изменения,1,0,STRONG
loaded-rental,1 ч 46 мин,Динамические бизнес-данные,Да,Оставить,1 ч 46 мин,"Это значение, статус или бизнес-данные тестового снимка; оно нужно для работы и не считается текстовым шумом.",Без изменения,1,0,SPAN
loaded-rental,Тестовый гость 36,Динамические бизнес-данные,Да,Оставить,Тестовый гость 36,"Это значение, статус или бизнес-данные тестового снимка; оно нужно для работы и не считается текстовым шумом.",Без изменения,1,0,SPAN
loaded-rental,13:46,Динамические бизнес-данные,Да,Оставить,13:46,"Это значение, статус или бизнес-данные тестового снимка; оно нужно для работы и не считается текстовым шумом.",Без изменения,1,0,SPAN
loaded-rental,ЭлектроСАП,Данные проката: вид техники,Да,Оставить,ЭлектроСАП,"Это значение, статус или бизнес-данные тестового снимка; оно нужно для работы и не считается текстовым шумом.",Без изменения,1,0,STRONG
loaded-rental,1 ч 51 мин,Динамические бизнес-данные,Да,Оставить,1 ч 51 мин,"Это значение, статус или бизнес-данные тестового снимка; оно нужно для работы и не считается текстовым шумом.",Без изменения,1,0,SPAN
loaded-rental,Тестовый гость 37,Динамические бизнес-данные,Да,Оставить,Тестовый гость 37,"Это значение, статус или бизнес-данные тестового снимка; оно нужно для работы и не считается текстовым шумом.",Без изменения,1,0,SPAN
loaded-rental,13:51,Динамические бизнес-данные,Да,Оставить,13:51,"Это значение, статус или бизнес-данные тестового снимка; оно нужно для работы и не считается текстовым шумом.",Без изменения,1,0,SPAN
loaded-rental,Каяк двухместный,Данные проката: вид техники,Да,Оставить,Каяк двухместный,"Это значение, статус или бизнес-данные тестового снимка; оно нужно для работы и не считается текстовым шумом.",Без изменения,1,0,STRONG
loaded-rental,1 ч 56 мин,Динамические бизнес-данные,Да,Оставить,1 ч 56 мин,"Это значение, статус или бизнес-данные тестового снимка; оно нужно для работы и не считается текстовым шумом.",Без изменения,1,0,SPAN
loaded-rental,Тестовый гость 38,Динамические бизнес-данные,Да,Оставить,Тестовый гость 38,"Это значение, статус или бизнес-данные тестового снимка; оно нужно для работы и не считается текстовым шумом.",Без изменения,1,0,SPAN
loaded-rental,13:56,Динамические бизнес-данные,Да,Оставить,13:56,"Это значение, статус или бизнес-данные тестового снимка; оно нужно для работы и не считается текстовым шумом.",Без изменения,1,0,SPAN
loaded-rental,Вёсельная лодка,Данные проката: вид техники,Да,Оставить,Вёсельная лодка,"Это значение, статус или бизнес-данные тестового снимка; оно нужно для работы и не считается текстовым шумом.",Без изменения,1,0,STRONG
loaded-rental,2 ч 1 мин,Динамические бизнес-данные,Да,Оставить,2 ч 1 мин,"Это значение, статус или бизнес-данные тестового снимка; оно нужно для работы и не считается текстовым шумом.",Без изменения,1,0,SPAN
loaded-rental,Тестовый гость 39,Динамические бизнес-данные,Да,Оставить,Тестовый гость 39,"Это значение, статус или бизнес-данные тестового снимка; оно нужно для работы и не считается текстовым шумом.",Без изменения,1,0,SPAN
loaded-rental,14:01,Динамические бизнес-данные,Да,Оставить,14:01,"Это значение, статус или бизнес-данные тестового снимка; оно нужно для работы и не считается текстовым шумом.",Без изменения,1,0,SPAN
loaded-rental,ВелоСАП,Данные проката: вид техники,Да,Оставить,ВелоСАП,"Это значение, статус или бизнес-данные тестового снимка; оно нужно для работы и не считается текстовым шумом.",Без изменения,1,0,STRONG
loaded-rental,2 ч 6 мин,Динамические бизнес-данные,Да,Оставить,2 ч 6 мин,"Это значение, статус или бизнес-данные тестового снимка; оно нужно для работы и не считается текстовым шумом.",Без изменения,1,0,SPAN
loaded-rental,Тестовый гость 40,Динамические бизнес-данные,Да,Оставить,Тестовый гость 40,"Это значение, статус или бизнес-данные тестового снимка; оно нужно для работы и не считается текстовым шумом.",Без изменения,1,0,SPAN
loaded-rental,14:06,Динамические бизнес-данные,Да,Оставить,14:06,"Это значение, статус или бизнес-данные тестового снимка; оно нужно для работы и не считается текстовым шумом.",Без изменения,1,0,SPAN
loaded-rental,Ближайшие брони,Надпись интерфейса,Да,Оставить,Ближайшие брони,"Это самостоятельная надпись или справка интерфейса. Без подтверждённого дублирования или понятного контекста сокращение может ухудшить понимание, поэтому сохраняем.",Без изменения,1,0,H2
loaded-rental,Все,Надпись интерфейса,Да,Оставить,Все,"Это самостоятельная надпись или справка интерфейса. Без подтверждённого дублирования или понятного контекста сокращение может ухудшить понимание, поэтому сохраняем.",Без изменения,1,0,BUTTON
loaded-rental,Ближайших броней нет.,Значение строки проката или заказа,Да,Оставить,Ближайших броней нет.,"Это самостоятельная надпись или справка интерфейса. Без подтверждённого дублирования или понятного контекста сокращение может ухудшить понимание, поэтому сохраняем.",Без изменения,1,0,P
loaded-rental,Кафе · требует внимания,Надпись интерфейса,Да,Оставить,Кафе · требует внимания,"Это самостоятельная надпись или справка интерфейса. Без подтверждённого дублирования или понятного контекста сокращение может ухудшить понимание, поэтому сохраняем.",Без изменения,1,0,H2
loaded-rental,Все →,Надпись интерфейса,Да,Оставить,Все →,"Это самостоятельная надпись или справка интерфейса. Без подтверждённого дублирования или понятного контекста сокращение может ухудшить понимание, поэтому сохраняем.",Без изменения,1,0,A
loaded-rental,№1 · В кафе,Динамические бизнес-данные,Да,Оставить,№1 · В кафе,"Это значение, статус или бизнес-данные тестового снимка; оно нужно для работы и не считается текстовым шумом.",Без изменения,1,0,STRONG
loaded-rental,В работе · ждёт 3 мин,Значение строки проката или заказа,Да,Оставить,В работе · ждёт 3 мин,"Это самостоятельная надпись или справка интерфейса. Без подтверждённого дублирования или понятного контекста сокращение может ухудшить понимание, поэтому сохраняем.",Без изменения,3,0,P
loaded-rental,"1× Сырники · 400,00 ₽",Динамические бизнес-данные,Да,Оставить,"1× Сырники · 400,00 ₽","Это значение, статус или бизнес-данные тестового снимка; оно нужно для работы и не считается текстовым шумом.",Без изменения,1,0,P
loaded-rental,Оплата при получении,Значение строки проката или заказа,Да,Оставить,Оплата при получении,"Это самостоятельная надпись или справка интерфейса. Без подтверждённого дублирования или понятного контекста сокращение может ухудшить понимание, поэтому сохраняем.",Без изменения,3,0,P
loaded-rental,Выполнен,Операционный статус,Да,Оставить,Выполнен,"Это значение, статус или бизнес-данные тестового снимка; оно нужно для работы и не считается текстовым шумом.",Без изменения,3,0,BUTTON
loaded-rental,№2 · В кафе,Динамические бизнес-данные,Да,Оставить,№2 · В кафе,"Это значение, статус или бизнес-данные тестового снимка; оно нужно для работы и не считается текстовым шумом.",Без изменения,1,0,STRONG
loaded-rental,"2× Американо · 700,00 ₽",Динамические бизнес-данные,Да,Оставить,"2× Американо · 700,00 ₽","Это значение, статус или бизнес-данные тестового снимка; оно нужно для работы и не считается текстовым шумом.",Без изменения,1,0,P
loaded-rental,№3 · В кафе,Динамические бизнес-данные,Да,Оставить,№3 · В кафе,"Это значение, статус или бизнес-данные тестового снимка; оно нужно для работы и не считается текстовым шумом.",Без изменения,1,0,STRONG
loaded-rental,"3× Капучино · 1 050,00 ₽",Динамические бизнес-данные,Да,Оставить,"3× Капучино · 1 050,00 ₽","Это значение, статус или бизнес-данные тестового снимка; оно нужно для работы и не считается текстовым шумом.",Без изменения,1,0,P
loaded-rental,🛒 Нужно купить — 1 поз.,Значение строки проката или заказа,Да,Оставить,🛒 Нужно купить — 1 поз.,"Это самостоятельная надпись или справка интерфейса. Без подтверждённого дублирования или понятного контекста сокращение может ухудшить понимание, поэтому сохраняем.",Без изменения,1,0,STRONG
loaded-rental,Картофель фри — количество уточнить,Текст без отдельного UI-контрола,Да,Оставить,Картофель фри — количество уточнить,"Это самостоятельная надпись или справка интерфейса. Без подтверждённого дублирования или понятного контекста сокращение может ухудшить понимание, поэтому сохраняем.",Без изменения,1,0,LI
loaded-rental,Рабочий день не открыт,Операционный статус,Да,Оставить,Рабочий день не открыт,"Это значение, статус или бизнес-данные тестового снимка; оно нужно для работы и не считается текстовым шумом.",Без изменения,1,0,SPAN
loaded-rental,Счета гостей,Значение строки проката или заказа,Да,Оставить,Счета гостей,"Это самостоятельная надпись или справка интерфейса. Без подтверждённого дублирования или понятного контекста сокращение может ухудшить понимание, поэтому сохраняем.",Без изменения,1,0,SPAN
loaded-rental,Подвести и сохранить итог дня,Значение строки проката или заказа,Да,Оставить,Подвести и сохранить итог дня,"Это самостоятельная надпись или справка интерфейса. Без подтверждённого дублирования или понятного контекста сокращение может ухудшить понимание, поэтому сохраняем.",Без изменения,1,0,SPAN
loaded-rental,Распечатать предварительный отчёт,Надпись интерфейса,Да,Оставить,Распечатать предварительный отчёт,"Это самостоятельная надпись или справка интерфейса. Без подтверждённого дублирования или понятного контекста сокращение может ухудшить понимание, поэтому сохраняем.",Без изменения,1,0,BUTTON
schedule,СТАРТ,Надпись интерфейса,Да,Оставить,СТАРТ,"Это самостоятельная надпись или справка интерфейса. Без подтверждённого дублирования или понятного контекста сокращение может ухудшить понимание, поэтому сохраняем.",Без изменения,1,0,A
schedule,Прокат,Надпись интерфейса,Да,Оставить,Прокат,"Это самостоятельная надпись или справка интерфейса. Без подтверждённого дублирования или понятного контекста сокращение может ухудшить понимание, поэтому сохраняем.",Без изменения,1,0,A
schedule,Кафе · 10,Надпись интерфейса,Да,Оставить,Кафе · 10,"Это самостоятельная надпись или справка интерфейса. Без подтверждённого дублирования или понятного контекста сокращение может ухудшить понимание, поэтому сохраняем.",Без изменения,1,0,A
schedule,Закупка,Надпись интерфейса,Да,Оставить,Закупка,"Это самостоятельная надпись или справка интерфейса. Без подтверждённого дублирования или понятного контекста сокращение может ухудшить понимание, поэтому сохраняем.",Без изменения,1,0,A
schedule,Дела,Надпись интерфейса,Да,Оставить,Дела,"Это самостоятельная надпись или справка интерфейса. Без подтверждённого дублирования или понятного контекста сокращение может ухудшить понимание, поэтому сохраняем.",Без изменения,1,0,A
schedule,Настройки,Надпись интерфейса,Да,Оставить,Настройки,"Это самостоятельная надпись или справка интерфейса. Без подтверждённого дублирования или понятного контекста сокращение может ухудшить понимание, поэтому сохраняем.",Без изменения,1,0,A
schedule,На связи,Текстовая подпись или значение,Да,Оставить,На связи,"Это самостоятельная надпись или справка интерфейса. Без подтверждённого дублирования или понятного контекста сокращение может ухудшить понимание, поэтому сохраняем.",Без изменения,1,0,SPAN
schedule,! Принтер,Текстовая подпись или значение,Да,Оставить,! Принтер,"Это самостоятельная надпись или справка интерфейса. Без подтверждённого дублирования или понятного контекста сокращение может ухудшить понимание, поэтому сохраняем.",Без изменения,1,0,SPAN
schedule,! Терминал,Текстовая подпись или значение,Да,Оставить,! Терминал,"Это самостоятельная надпись или справка интерфейса. Без подтверждённого дублирования или понятного контекста сокращение может ухудшить понимание, поэтому сохраняем.",Без изменения,1,0,SPAN
schedule,"пн, 5 окт",Операционное значение,Да,Оставить,"пн, 5 окт","Это значение, статус или бизнес-данные тестового снимка; оно нужно для работы и не считается текстовым шумом.",Без изменения,1,0,SPAN
schedule,12:00,Динамические бизнес-данные,Да,Оставить,12:00,"Это значение, статус или бизнес-данные тестового снимка; оно нужно для работы и не считается текстовым шумом.",Без изменения,1,0,TIME
schedule,Выход,Надпись интерфейса,Да,Оставить,Выход,"Это самостоятельная надпись или справка интерфейса. Без подтверждённого дублирования или понятного контекста сокращение может ухудшить понимание, поэтому сохраняем.",Без изменения,1,0,BUTTON
schedule,admin,Текстовая подпись или значение,Да,Оставить,admin,"Это самостоятельная надпись или справка интерфейса. Без подтверждённого дублирования или понятного контекста сокращение может ухудшить понимание, поэтому сохраняем.",Без изменения,2,0,SPAN|STRONG
schedule,График,Надпись интерфейса,Да,Оставить,График,"Это самостоятельная надпись или справка интерфейса. Без подтверждённого дублирования или понятного контекста сокращение может ухудшить понимание, поэтому сохраняем.",Без изменения,2,0,A|H1
schedule,Касса,Надпись интерфейса,Да,Оставить,Касса,"Это самостоятельная надпись или справка интерфейса. Без подтверждённого дублирования или понятного контекста сокращение может ухудшить понимание, поэтому сохраняем.",Без изменения,1,0,SUMMARY
schedule,На смене пока никого,Текстовая подпись или значение,Да,Оставить,На смене пока никого,"Это самостоятельная надпись или справка интерфейса. Без подтверждённого дублирования или понятного контекста сокращение может ухудшить понимание, поэтому сохраняем.",Без изменения,1,0,DIV
schedule,Пожелания видны всей команде. Выход подтверждает администратор. Зарплата считается по фактическому времени работы.,Справочный текст,Да,Оставить,Пожелания видны всей команде. Выход подтверждает администратор. Зарплата считается по фактическому времени работы.,"Это самостоятельная надпись или справка интерфейса. Без подтверждённого дублирования или понятного контекста сокращение может ухудшить понимание, поэтому сохраняем.",Без изменения,1,0,P
schedule,←,Надпись интерфейса,Да,Оставить,←,"Это самостоятельная надпись или справка интерфейса. Без подтверждённого дублирования или понятного контекста сокращение может ухудшить понимание, поэтому сохраняем.",Без изменения,1,0,BUTTON
schedule,"пн, 5 окт. — вс, 11 окт.",Операционное значение,Да,Оставить,"пн, 5 окт. — вс, 11 окт.","Это значение, статус или бизнес-данные тестового снимка; оно нужно для работы и не считается текстовым шумом.",Без изменения,1,0,STRONG
schedule,→,Надпись интерфейса,Да,Оставить,→,"Это самостоятельная надпись или справка интерфейса. Без подтверждённого дублирования или понятного контекста сокращение может ухудшить понимание, поэтому сохраняем.",Без изменения,1,0,BUTTON
schedule,Эта неделя,Надпись интерфейса,Да,Оставить,Эта неделя,"Это самостоятельная надпись или справка интерфейса. Без подтверждённого дублирования или понятного контекста сокращение может ухудшить понимание, поэтому сохраняем.",Без изменения,1,0,BUTTON
schedule,Следующая,Надпись интерфейса,Да,Оставить,Следующая,"Это самостоятельная надпись или справка интерфейса. Без подтверждённого дублирования или понятного контекста сокращение может ухудшить понимание, поэтому сохраняем.",Без изменения,1,0,BUTTON
schedule,Сотрудник,Текстовая подпись или значение,Да,Оставить,Сотрудник,"Это самостоятельная надпись или справка интерфейса. Без подтверждённого дублирования или понятного контекста сокращение может ухудшить понимание, поэтому сохраняем.",Без изменения,1,0,STRONG
schedule,"пн, 5 окт.",Операционное значение,Да,Оставить,"пн, 5 окт.","Это значение, статус или бизнес-данные тестового снимка; оно нужно для работы и не считается текстовым шумом.",Без изменения,1,0,STRONG
schedule,Подтверждено: 0,Справочный текст,Да,Оставить,Подтверждено: 0,"Это самостоятельная надпись или справка интерфейса. Без подтверждённого дублирования или понятного контекста сокращение может ухудшить понимание, поэтому сохраняем.",Без изменения,7,0,SMALL
schedule,"вт, 6 окт.",Операционное значение,Да,Оставить,"вт, 6 окт.","Это значение, статус или бизнес-данные тестового снимка; оно нужно для работы и не считается текстовым шумом.",Без изменения,1,0,STRONG
schedule,"ср, 7 окт.",Операционное значение,Да,Оставить,"ср, 7 окт.","Это значение, статус или бизнес-данные тестового снимка; оно нужно для работы и не считается текстовым шумом.",Без изменения,1,0,STRONG
schedule,"чт, 8 окт.",Операционное значение,Да,Оставить,"чт, 8 окт.","Это значение, статус или бизнес-данные тестового снимка; оно нужно для работы и не считается текстовым шумом.",Без изменения,1,0,STRONG
schedule,"пт, 9 окт.",Операционное значение,Да,Оставить,"пт, 9 окт.","Это значение, статус или бизнес-данные тестового снимка; оно нужно для работы и не считается текстовым шумом.",Без изменения,1,0,STRONG
schedule,"сб, 10 окт.",Операционное значение,Да,Оставить,"сб, 10 окт.","Это значение, статус или бизнес-данные тестового снимка; оно нужно для работы и не считается текстовым шумом.",Без изменения,1,0,STRONG
schedule,"вс, 11 окт.",Операционное значение,Да,Оставить,"вс, 11 окт.","Это значение, статус или бизнес-данные тестового снимка; оно нужно для работы и не считается текстовым шумом.",Без изменения,1,0,STRONG
schedule,—,Текстовая подпись или значение,Да,Оставить,—,"Это самостоятельная надпись или справка интерфейса. Без подтверждённого дублирования или понятного контекста сокращение может ухудшить понимание, поэтому сохраняем.",Без изменения,14,0,STRONG
schedule,station,Текстовая подпись или значение,Да,Оставить,station,"Это самостоятельная надпись или справка интерфейса. Без подтверждённого дублирования или понятного контекста сокращение может ухудшить понимание, поэтому сохраняем.",Без изменения,1,0,STRONG
workforce,СТАРТ,Надпись интерфейса,Да,Оставить,СТАРТ,"Это самостоятельная надпись или справка интерфейса. Без подтверждённого дублирования или понятного контекста сокращение может ухудшить понимание, поэтому сохраняем.",Без изменения,1,0,A
workforce,Прокат,Надпись интерфейса,Да,Оставить,Прокат,"Это самостоятельная надпись или справка интерфейса. Без подтверждённого дублирования или понятного контекста сокращение может ухудшить понимание, поэтому сохраняем.",Без изменения,1,0,A
workforce,Кафе · 10,Надпись интерфейса,Да,Оставить,Кафе · 10,"Это самостоятельная надпись или справка интерфейса. Без подтверждённого дублирования или понятного контекста сокращение может ухудшить понимание, поэтому сохраняем.",Без изменения,1,0,A
workforce,Закупка,Надпись интерфейса,Да,Оставить,Закупка,"Это самостоятельная надпись или справка интерфейса. Без подтверждённого дублирования или понятного контекста сокращение может ухудшить понимание, поэтому сохраняем.",Без изменения,1,0,A
workforce,Дела,Надпись интерфейса,Да,Оставить,Дела,"Это самостоятельная надпись или справка интерфейса. Без подтверждённого дублирования или понятного контекста сокращение может ухудшить понимание, поэтому сохраняем.",Без изменения,1,0,A
workforce,Настройки,Надпись интерфейса,Да,Оставить,Настройки,"Это самостоятельная надпись или справка интерфейса. Без подтверждённого дублирования или понятного контекста сокращение может ухудшить понимание, поэтому сохраняем.",Без изменения,1,0,A
workforce,На связи,Текстовая подпись или значение,Да,Оставить,На связи,"Это самостоятельная надпись или справка интерфейса. Без подтверждённого дублирования или понятного контекста сокращение может ухудшить понимание, поэтому сохраняем.",Без изменения,1,0,SPAN
workforce,! Принтер,Текстовая подпись или значение,Да,Оставить,! Принтер,"Это самостоятельная надпись или справка интерфейса. Без подтверждённого дублирования или понятного контекста сокращение может ухудшить понимание, поэтому сохраняем.",Без изменения,1,0,SPAN
workforce,! Терминал,Текстовая подпись или значение,Да,Оставить,! Терминал,"Это самостоятельная надпись или справка интерфейса. Без подтверждённого дублирования или понятного контекста сокращение может ухудшить понимание, поэтому сохраняем.",Без изменения,1,0,SPAN
workforce,"пн, 5 окт",Операционное значение,Да,Оставить,"пн, 5 окт","Это значение, статус или бизнес-данные тестового снимка; оно нужно для работы и не считается текстовым шумом.",Без изменения,1,0,SPAN
workforce,12:00,Динамические бизнес-данные,Да,Оставить,12:00,"Это значение, статус или бизнес-данные тестового снимка; оно нужно для работы и не считается текстовым шумом.",Без изменения,1,0,TIME
workforce,Выход,Надпись интерфейса,Да,Оставить,Выход,"Это самостоятельная надпись или справка интерфейса. Без подтверждённого дублирования или понятного контекста сокращение может ухудшить понимание, поэтому сохраняем.",Без изменения,1,0,BUTTON
workforce,admin,Текстовая подпись или значение,Да,Оставить,admin,"Это самостоятельная надпись или справка интерфейса. Без подтверждённого дублирования или понятного контекста сокращение может ухудшить понимание, поэтому сохраняем.",Без изменения,1,0,SPAN
workforce,График,Надпись интерфейса,Да,Оставить,График,"Это самостоятельная надпись или справка интерфейса. Без подтверждённого дублирования или понятного контекста сокращение может ухудшить понимание, поэтому сохраняем.",Без изменения,1,0,A
workforce,Касса,Надпись интерфейса,Да,Оставить,Касса,"Это самостоятельная надпись или справка интерфейса. Без подтверждённого дублирования или понятного контекста сокращение может ухудшить понимание, поэтому сохраняем.",Без изменения,1,0,SUMMARY
workforce,На смене пока никого,Текстовая подпись или значение,Да,Оставить,На смене пока никого,"Это самостоятельная надпись или справка интерфейса. Без подтверждённого дублирования или понятного контекста сокращение может ухудшить понимание, поэтому сохраняем.",Без изменения,1,0,DIV
workforce,Смены и зарплата,Надпись интерфейса,Да,Оставить,Смены и зарплата,"Это самостоятельная надпись или справка интерфейса. Без подтверждённого дублирования или понятного контекста сокращение может ухудшить понимание, поэтому сохраняем.",Без изменения,1,0,H1
workforce,График на неделю →,Надпись интерфейса,Да,Оставить,График на неделю →,"Это самостоятельная надпись или справка интерфейса. Без подтверждённого дублирования или понятного контекста сокращение может ухудшить понимание, поэтому сохраняем.",Без изменения,1,0,A
workforce,Распечатать предварительный отчёт,Надпись интерфейса,Да,Оставить,Распечатать предварительный отчёт,"Это самостоятельная надпись или справка интерфейса. Без подтверждённого дублирования или понятного контекста сокращение может ухудшить понимание, поэтому сохраняем.",Без изменения,1,0,BUTTON
workforce,Смены сотрудников сейчас,Надпись интерфейса,Да,Оставить,Смены сотрудников сейчас,"Это самостоятельная надпись или справка интерфейса. Без подтверждённого дублирования или понятного контекста сокращение может ухудшить понимание, поэтому сохраняем.",Без изменения,1,0,H2
workforce,admin · не на смене,Текстовая подпись или значение,Да,Оставить,admin · не на смене,"Это самостоятельная надпись или справка интерфейса. Без подтверждённого дублирования или понятного контекста сокращение может ухудшить понимание, поэтому сохраняем.",Без изменения,1,0,STRONG
workforce,Отметить приход,Надпись интерфейса,Да,Оставить,Отметить приход,"Это самостоятельная надпись или справка интерфейса. Без подтверждённого дублирования или понятного контекста сокращение может ухудшить понимание, поэтому сохраняем.",Без изменения,2,0,BUTTON
workforce,station · не на смене,Текстовая подпись или значение,Да,Оставить,station · не на смене,"Это самостоятельная надпись или справка интерфейса. Без подтверждённого дублирования или понятного контекста сокращение может ухудшить понимание, поэтому сохраняем.",Без изменения,1,0,STRONG
workforce,Дата · Москва,Надпись интерфейса,Да,Оставить,Дата · Москва,"Это самостоятельная надпись или справка интерфейса. Без подтверждённого дублирования или понятного контекста сокращение может ухудшить понимание, поэтому сохраняем.",Без изменения,1,0,LABEL
workforce,Предварительный расчёт · 41 000 ₽,Надпись интерфейса,Да,Оставить,Предварительный расчёт · 41 000 ₽,"Это самостоятельная надпись или справка интерфейса. Без подтверждённого дублирования или понятного контекста сокращение может ухудшить понимание, поэтому сохраняем.",Без изменения,1,0,H2
workforce,Зарегистрированные оплаты за рабочий день за вычетом возвратов. Бонус 5% · поровну.,Справочный текст,Да,Оставить,Зарегистрированные оплаты за рабочий день за вычетом возвратов. Бонус 5% · поровну.,"Это самостоятельная надпись или справка интерфейса. Без подтверждённого дублирования или понятного контекста сокращение может ухудшить понимание, поэтому сохраняем.",Без изменения,1,0,P
workforce,Рабочих смен нет.,Справочный текст,Да,Оставить,Рабочих смен нет.,"Это самостоятельная надпись или справка интерфейса. Без подтверждённого дублирования или понятного контекста сокращение может ухудшить понимание, поэтому сохраняем.",Без изменения,1,0,P
workforce,Отчёт в 22:00 ещё не сформирован.,Операционный статус,Да,Оставить,Отчёт в 22:00 ещё не сформирован.,"Это значение, статус или бизнес-данные тестового снимка; оно нужно для работы и не считается текстовым шумом.",Без изменения,1,0,P
workforce,Журнал изменений,Надпись интерфейса,Да,Оставить,Журнал изменений,"Это самостоятельная надпись или справка интерфейса. Без подтверждённого дублирования или понятного контекста сокращение может ухудшить понимание, поэтому сохраняем.",Без изменения,1,0,SUMMARY
workforce,Правила зарплаты,Надпись интерфейса,Да,Оставить,Правила зарплаты,"Это самостоятельная надпись или справка интерфейса. Без подтверждённого дублирования или понятного контекста сокращение может ухудшить понимание, поэтому сохраняем.",Без изменения,1,0,SUMMARY
workforce,Личные учётные записи,Надпись интерфейса,Да,Оставить,Личные учётные записи,"Это самостоятельная надпись или справка интерфейса. Без подтверждённого дублирования или понятного контекста сокращение может ухудшить понимание, поэтому сохраняем.",Без изменения,1,0,SUMMARY
workforce,Telegram · отчёт в 22:00,Надпись интерфейса,Да,Оставить,Telegram · отчёт в 22:00,"Это самостоятельная надпись или справка интерфейса. Без подтверждённого дублирования или понятного контекста сокращение может ухудшить понимание, поэтому сохраняем.",Без изменения,1,0,SUMMARY
workforce,Касса и выплаты →,Надпись интерфейса,Да,Оставить,Касса и выплаты →,"Это самостоятельная надпись или справка интерфейса. Без подтверждённого дублирования или понятного контекста сокращение может ухудшить понимание, поэтому сохраняем.",Без изменения,1,0,A
purchase,СТАРТ,Надпись интерфейса,Да,Оставить,СТАРТ,"Это самостоятельная надпись или справка интерфейса. Без подтверждённого дублирования или понятного контекста сокращение может ухудшить понимание, поэтому сохраняем.",Без изменения,1,0,A
purchase,Прокат,Надпись интерфейса,Да,Оставить,Прокат,"Это самостоятельная надпись или справка интерфейса. Без подтверждённого дублирования или понятного контекста сокращение может ухудшить понимание, поэтому сохраняем.",Без изменения,1,0,A
purchase,Кафе · 10,Надпись интерфейса,Да,Оставить,Кафе · 10,"Это самостоятельная надпись или справка интерфейса. Без подтверждённого дублирования или понятного контекста сокращение может ухудшить понимание, поэтому сохраняем.",Без изменения,1,0,A
purchase,Закупка,Надпись интерфейса,Да,Оставить,Закупка,"Это самостоятельная надпись или справка интерфейса. Без подтверждённого дублирования или понятного контекста сокращение может ухудшить понимание, поэтому сохраняем.",Без изменения,1,0,A
purchase,Дела,Надпись интерфейса,Да,Оставить,Дела,"Это самостоятельная надпись или справка интерфейса. Без подтверждённого дублирования или понятного контекста сокращение может ухудшить понимание, поэтому сохраняем.",Без изменения,1,0,A
purchase,Настройки,Надпись интерфейса,Да,Оставить,Настройки,"Это самостоятельная надпись или справка интерфейса. Без подтверждённого дублирования или понятного контекста сокращение может ухудшить понимание, поэтому сохраняем.",Без изменения,1,0,A
purchase,На связи,Текстовая подпись или значение,Да,Оставить,На связи,"Это самостоятельная надпись или справка интерфейса. Без подтверждённого дублирования или понятного контекста сокращение может ухудшить понимание, поэтому сохраняем.",Без изменения,1,0,SPAN
purchase,! Принтер,Текстовая подпись или значение,Да,Оставить,! Принтер,"Это самостоятельная надпись или справка интерфейса. Без подтверждённого дублирования или понятного контекста сокращение может ухудшить понимание, поэтому сохраняем.",Без изменения,1,0,SPAN
purchase,! Терминал,Текстовая подпись или значение,Да,Оставить,! Терминал,"Это самостоятельная надпись или справка интерфейса. Без подтверждённого дублирования или понятного контекста сокращение может ухудшить понимание, поэтому сохраняем.",Без изменения,1,0,SPAN
purchase,"пн, 5 окт",Операционное значение,Да,Оставить,"пн, 5 окт","Это значение, статус или бизнес-данные тестового снимка; оно нужно для работы и не считается текстовым шумом.",Без изменения,1,0,SPAN
purchase,12:00,Динамические бизнес-данные,Да,Оставить,12:00,"Это значение, статус или бизнес-данные тестового снимка; оно нужно для работы и не считается текстовым шумом.",Без изменения,1,0,TIME
purchase,Выход,Надпись интерфейса,Да,Оставить,Выход,"Это самостоятельная надпись или справка интерфейса. Без подтверждённого дублирования или понятного контекста сокращение может ухудшить понимание, поэтому сохраняем.",Без изменения,1,0,BUTTON
purchase,admin,Текстовая подпись или значение,Да,Оставить,admin,"Это самостоятельная надпись или справка интерфейса. Без подтверждённого дублирования или понятного контекста сокращение может ухудшить понимание, поэтому сохраняем.",Без изменения,2,0,SPAN
purchase,График,Надпись интерфейса,Да,Оставить,График,"Это самостоятельная надпись или справка интерфейса. Без подтверждённого дублирования или понятного контекста сокращение может ухудшить понимание, поэтому сохраняем.",Без изменения,1,0,A
purchase,Касса,Надпись интерфейса,Да,Оставить,Касса,"Это самостоятельная надпись или справка интерфейса. Без подтверждённого дублирования или понятного контекста сокращение может ухудшить понимание, поэтому сохраняем.",Без изменения,1,0,SUMMARY
purchase,На смене пока никого,Текстовая подпись или значение,Да,Оставить,На смене пока никого,"Это самостоятельная надпись или справка интерфейса. Без подтверждённого дублирования или понятного контекста сокращение может ухудшить понимание, поэтому сохраняем.",Без изменения,1,0,DIV
purchase,СТАРТ · Закупка,Текстовая подпись или значение,Да,Оставить,СТАРТ · Закупка,"Это самостоятельная надпись или справка интерфейса. Без подтверждённого дублирования или понятного контекста сокращение может ухудшить понимание, поэтому сохраняем.",Без изменения,1,0,B
purchase,Расход блюд кафе →,Надпись интерфейса,Да,Оставить,Расход блюд кафе →,"Это самостоятельная надпись или справка интерфейса. Без подтверждённого дублирования или понятного контекста сокращение может ухудшить понимание, поэтому сохраняем.",Без изменения,1,0,A
purchase,Нужно купить,Надпись интерфейса,Да,Оставить,Нужно купить,"Это самостоятельная надпись или справка интерфейса. Без подтверждённого дублирования или понятного контекста сокращение может ухудшить понимание, поэтому сохраняем.",Без изменения,1,0,BUTTON
purchase,Все товары,Надпись интерфейса,Да,Оставить,Все товары,"Это самостоятельная надпись или справка интерфейса. Без подтверждённого дублирования или понятного контекста сокращение может ухудшить понимание, поэтому сохраняем.",Без изменения,1,0,BUTTON
purchase,История,Надпись интерфейса,Да,Оставить,История,"Это самостоятельная надпись или справка интерфейса. Без подтверждённого дублирования или понятного контекста сокращение может ухудшить понимание, поэтому сохраняем.",Без изменения,1,0,BUTTON
purchase,1 поз.,Текстовая подпись или значение,Да,Оставить,1 поз.,"Это самостоятельная надпись или справка интерфейса. Без подтверждённого дублирования или понятного контекста сокращение может ухудшить понимание, поэтому сохраняем.",Без изменения,1,0,SPAN
purchase,Обновить,Надпись интерфейса,Да,Оставить,Обновить,"Это самостоятельная надпись или справка интерфейса. Без подтверждённого дублирования или понятного контекста сокращение может ухудшить понимание, поэтому сохраняем.",Без изменения,1,0,BUTTON
purchase,Список для печати,Надпись интерфейса,Да,Оставить,Список для печати,"Это самостоятельная надпись или справка интерфейса. Без подтверждённого дублирования или понятного контекста сокращение может ухудшить понимание, поэтому сохраняем.",Без изменения,1,0,BUTTON
purchase,+ Товар,Надпись интерфейса,Да,Оставить,+ Товар,"Это самостоятельная надпись или справка интерфейса. Без подтверждённого дублирования или понятного контекста сокращение может ухудшить понимание, поэтому сохраняем.",Без изменения,1,0,BUTTON
purchase,Картофель фри,Текстовая подпись или значение,Да,Оставить,Картофель фри,"Это самостоятельная надпись или справка интерфейса. Без подтверждённого дублирования или понятного контекста сокращение может ухудшить понимание, поэтому сохраняем.",Без изменения,1,0,B
purchase,Сейчас: неизвестно кг,Справочный текст,Да,Оставить,Сейчас: неизвестно кг,"Это самостоятельная надпись или справка интерфейса. Без подтверждённого дублирования или понятного контекста сокращение может ухудшить понимание, поэтому сохраняем.",Без изменения,1,0,SMALL
purchase,Купить: количество уточнить,Текстовая подпись или значение,Да,Оставить,Купить: количество уточнить,"Это самостоятельная надпись или справка интерфейса. Без подтверждённого дублирования или понятного контекста сокращение может ухудшить понимание, поэтому сохраняем.",Без изменения,1,0,STRONG
purchase,Куплено,Надпись интерфейса,Да,Оставить,Куплено,"Это самостоятельная надпись или справка интерфейса. Без подтверждённого дублирования или понятного контекста сокращение может ухудшить понимание, поэтому сохраняем.",Без изменения,1,0,LABEL
stock,СТАРТ,Надпись интерфейса,Да,Оставить,СТАРТ,"Это самостоятельная надпись или справка интерфейса. Без подтверждённого дублирования или понятного контекста сокращение может ухудшить понимание, поэтому сохраняем.",Без изменения,1,0,A
stock,Прокат,Надпись интерфейса,Да,Оставить,Прокат,"Это самостоятельная надпись или справка интерфейса. Без подтверждённого дублирования или понятного контекста сокращение может ухудшить понимание, поэтому сохраняем.",Без изменения,1,0,A
stock,Кафе · 10,Надпись интерфейса,Да,Оставить,Кафе · 10,"Это самостоятельная надпись или справка интерфейса. Без подтверждённого дублирования или понятного контекста сокращение может ухудшить понимание, поэтому сохраняем.",Без изменения,1,0,A
stock,Закупка,Надпись интерфейса,Да,Оставить,Закупка,"Это самостоятельная надпись или справка интерфейса. Без подтверждённого дублирования или понятного контекста сокращение может ухудшить понимание, поэтому сохраняем.",Без изменения,1,0,A
stock,Дела,Надпись интерфейса,Да,Оставить,Дела,"Это самостоятельная надпись или справка интерфейса. Без подтверждённого дублирования или понятного контекста сокращение может ухудшить понимание, поэтому сохраняем.",Без изменения,1,0,A
stock,Настройки,Надпись интерфейса,Да,Оставить,Настройки,"Это самостоятельная надпись или справка интерфейса. Без подтверждённого дублирования или понятного контекста сокращение может ухудшить понимание, поэтому сохраняем.",Без изменения,1,0,A
stock,На связи,Текстовая подпись или значение,Да,Оставить,На связи,"Это самостоятельная надпись или справка интерфейса. Без подтверждённого дублирования или понятного контекста сокращение может ухудшить понимание, поэтому сохраняем.",Без изменения,1,0,SPAN
stock,! Принтер,Текстовая подпись или значение,Да,Оставить,! Принтер,"Это самостоятельная надпись или справка интерфейса. Без подтверждённого дублирования или понятного контекста сокращение может ухудшить понимание, поэтому сохраняем.",Без изменения,1,0,SPAN
stock,! Терминал,Текстовая подпись или значение,Да,Оставить,! Терминал,"Это самостоятельная надпись или справка интерфейса. Без подтверждённого дублирования или понятного контекста сокращение может ухудшить понимание, поэтому сохраняем.",Без изменения,1,0,SPAN
stock,"пн, 5 окт",Операционное значение,Да,Оставить,"пн, 5 окт","Это значение, статус или бизнес-данные тестового снимка; оно нужно для работы и не считается текстовым шумом.",Без изменения,1,0,SPAN
stock,12:00,Динамические бизнес-данные,Да,Оставить,12:00,"Это значение, статус или бизнес-данные тестового снимка; оно нужно для работы и не считается текстовым шумом.",Без изменения,1,0,TIME
stock,Выход,Надпись интерфейса,Да,Оставить,Выход,"Это самостоятельная надпись или справка интерфейса. Без подтверждённого дублирования или понятного контекста сокращение может ухудшить понимание, поэтому сохраняем.",Без изменения,1,0,BUTTON
stock,admin,Текстовая подпись или значение,Да,Оставить,admin,"Это самостоятельная надпись или справка интерфейса. Без подтверждённого дублирования или понятного контекста сокращение может ухудшить понимание, поэтому сохраняем.",Без изменения,1,0,SPAN
stock,График,Надпись интерфейса,Да,Оставить,График,"Это самостоятельная надпись или справка интерфейса. Без подтверждённого дублирования или понятного контекста сокращение может ухудшить понимание, поэтому сохраняем.",Без изменения,1,0,A
stock,Касса,Надпись интерфейса,Да,Оставить,Касса,"Это самостоятельная надпись или справка интерфейса. Без подтверждённого дублирования или понятного контекста сокращение может ухудшить понимание, поэтому сохраняем.",Без изменения,1,0,SUMMARY
stock,На смене пока никого,Текстовая подпись или значение,Да,Оставить,На смене пока никого,"Это самостоятельная надпись или справка интерфейса. Без подтверждённого дублирования или понятного контекста сокращение может ухудшить понимание, поэтому сохраняем.",Без изменения,1,0,DIV
stock,Расход кафе,Надпись интерфейса,Да,Оставить,Расход кафе,"Это самостоятельная надпись или справка интерфейса. Без подтверждённого дублирования или понятного контекста сокращение может ухудшить понимание, поэтому сохраняем.",Без изменения,1,0,H1
stock,Заказ доступен только после настройки расхода и фактических остатков. На одну порцию укажите готовый товар или все ингредиенты. Каждый вариант и добавка настраиваются отдельно.,Справочный текст,Да,Оставить,Заказ доступен только после настройки расхода и фактических остатков. На одну порцию укажите готовый товар или все ингредиенты. Каждый вариант и добавка настраиваются отдельно.,"Это самостоятельная надпись или справка интерфейса. Без подтверждённого дублирования или понятного контекста сокращение может ухудшить понимание, поэтому сохраняем.",Без изменения,1,0,P
stock,Стартовые нормы ориентировочные. Проверьте порции и размер упаковок; расход можно изменить ниже.,Справочный текст,Да,Оставить,Стартовые нормы ориентировочные. Проверьте порции и размер упаковок; расход можно изменить ниже.,"Это самостоятельная надпись или справка интерфейса. Без подтверждённого дублирования или понятного контекста сокращение может ухудшить понимание, поэтому сохраняем.",Без изменения,1,0,P
stock,Установить остатки на складе →,Надпись интерфейса,Да,Оставить,Установить остатки на складе →,"Это самостоятельная надпись или справка интерфейса. Без подтверждённого дублирования или понятного контекста сокращение может ухудшить понимание, поэтому сохраняем.",Без изменения,1,0,A
stock,Найти блюдо,Надпись интерфейса,Да,Оставить,Найти блюдо,"Это самостоятельная надпись или справка интерфейса. Без подтверждённого дублирования или понятного контекста сокращение может ухудшить понимание, поэтому сохраняем.",Без изменения,1,0,LABEL
stock,Блюдо,Надпись интерфейса,Да,Оставить,Блюдо,"Это самостоятельная надпись или справка интерфейса. Без подтверждённого дублирования или понятного контекста сокращение может ухудшить понимание, поэтому сохраняем.",Без изменения,1,0,LABEL
stock,Вариант / добавка,Надпись интерфейса,Да,Оставить,Вариант / добавка,"Это самостоятельная надпись или справка интерфейса. Без подтверждённого дублирования или понятного контекста сокращение может ухудшить понимание, поэтому сохраняем.",Без изменения,1,0,LABEL
stock,×,Надпись интерфейса,Да,Оставить,×,"Это самостоятельная надпись или справка интерфейса. Без подтверждённого дублирования или понятного контекста сокращение может ухудшить понимание, поэтому сохраняем.",Без изменения,1,0,BUTTON
stock,+ Ингредиент / товар,Надпись интерфейса,Да,Оставить,+ Ингредиент / товар,"Это самостоятельная надпись или справка интерфейса. Без подтверждённого дублирования или понятного контекста сокращение может ухудшить понимание, поэтому сохраняем.",Без изменения,1,0,BUTTON
stock,Настроено. Расход на одну порцию обязателен.,Справочный текст,Да,Оставить,Настроено. Расход на одну порцию обязателен.,"Это самостоятельная надпись или справка интерфейса. Без подтверждённого дублирования или понятного контекста сокращение может ухудшить понимание, поэтому сохраняем.",Без изменения,1,0,P
stock,Сохранить расход,Надпись интерфейса,Да,Оставить,Сохранить расход,"Это самостоятельная надпись или справка интерфейса. Без подтверждённого дублирования или понятного контекста сокращение может ухудшить понимание, поэтому сохраняем.",Без изменения,1,0,BUTTON
tasks,СТАРТ,Надпись интерфейса,Да,Оставить,СТАРТ,"Это самостоятельная надпись или справка интерфейса. Без подтверждённого дублирования или понятного контекста сокращение может ухудшить понимание, поэтому сохраняем.",Без изменения,1,0,A
tasks,Прокат,Надпись интерфейса,Да,Оставить,Прокат,"Это самостоятельная надпись или справка интерфейса. Без подтверждённого дублирования или понятного контекста сокращение может ухудшить понимание, поэтому сохраняем.",Без изменения,1,0,A
tasks,Кафе · 10,Надпись интерфейса,Да,Оставить,Кафе · 10,"Это самостоятельная надпись или справка интерфейса. Без подтверждённого дублирования или понятного контекста сокращение может ухудшить понимание, поэтому сохраняем.",Без изменения,1,0,A
tasks,Закупка,Надпись интерфейса,Да,Оставить,Закупка,"Это самостоятельная надпись или справка интерфейса. Без подтверждённого дублирования или понятного контекста сокращение может ухудшить понимание, поэтому сохраняем.",Без изменения,1,0,A
tasks,Дела,Надпись интерфейса,Да,Оставить,Дела,"Это самостоятельная надпись или справка интерфейса. Без подтверждённого дублирования или понятного контекста сокращение может ухудшить понимание, поэтому сохраняем.",Без изменения,1,0,A
tasks,Настройки,Надпись интерфейса,Да,Оставить,Настройки,"Это самостоятельная надпись или справка интерфейса. Без подтверждённого дублирования или понятного контекста сокращение может ухудшить понимание, поэтому сохраняем.",Без изменения,1,0,A
tasks,На связи,Текстовая подпись или значение,Да,Оставить,На связи,"Это самостоятельная надпись или справка интерфейса. Без подтверждённого дублирования или понятного контекста сокращение может ухудшить понимание, поэтому сохраняем.",Без изменения,1,0,SPAN
tasks,! Принтер,Текстовая подпись или значение,Да,Оставить,! Принтер,"Это самостоятельная надпись или справка интерфейса. Без подтверждённого дублирования или понятного контекста сокращение может ухудшить понимание, поэтому сохраняем.",Без изменения,1,0,SPAN
tasks,! Терминал,Текстовая подпись или значение,Да,Оставить,! Терминал,"Это самостоятельная надпись или справка интерфейса. Без подтверждённого дублирования или понятного контекста сокращение может ухудшить понимание, поэтому сохраняем.",Без изменения,1,0,SPAN
tasks,"пн, 5 окт",Операционное значение,Да,Оставить,"пн, 5 окт","Это значение, статус или бизнес-данные тестового снимка; оно нужно для работы и не считается текстовым шумом.",Без изменения,1,0,SPAN
tasks,12:00,Динамические бизнес-данные,Да,Оставить,12:00,"Это значение, статус или бизнес-данные тестового снимка; оно нужно для работы и не считается текстовым шумом.",Без изменения,1,0,TIME
tasks,Выход,Надпись интерфейса,Да,Оставить,Выход,"Это самостоятельная надпись или справка интерфейса. Без подтверждённого дублирования или понятного контекста сокращение может ухудшить понимание, поэтому сохраняем.",Без изменения,1,0,BUTTON
tasks,admin,Текстовая подпись или значение,Да,Оставить,admin,"Это самостоятельная надпись или справка интерфейса. Без подтверждённого дублирования или понятного контекста сокращение может ухудшить понимание, поэтому сохраняем.",Без изменения,1,0,SPAN
tasks,График,Надпись интерфейса,Да,Оставить,График,"Это самостоятельная надпись или справка интерфейса. Без подтверждённого дублирования или понятного контекста сокращение может ухудшить понимание, поэтому сохраняем.",Без изменения,1,0,A
tasks,Касса,Надпись интерфейса,Да,Оставить,Касса,"Это самостоятельная надпись или справка интерфейса. Без подтверждённого дублирования или понятного контекста сокращение может ухудшить понимание, поэтому сохраняем.",Без изменения,1,0,SUMMARY
tasks,На смене пока никого,Текстовая подпись или значение,Да,Оставить,На смене пока никого,"Это самостоятельная надпись или справка интерфейса. Без подтверждённого дублирования или понятного контекста сокращение может ухудшить понимание, поэтому сохраняем.",Без изменения,1,0,DIV
tasks,Дела станции,Надпись интерфейса,Да,Оставить,Дела станции,"Это самостоятельная надпись или справка интерфейса. Без подтверждённого дублирования или понятного контекста сокращение может ухудшить понимание, поэтому сохраняем.",Без изменения,1,0,H1
tasks,Общий список команды,Текстовая подпись или значение,Да,Оставить,Общий список команды,"Это самостоятельная надпись или справка интерфейса. Без подтверждённого дублирования или понятного контекста сокращение может ухудшить понимание, поэтому сохраняем.",Без изменения,1,0,SPAN
tasks,+ Добавить пункт,Надпись интерфейса,Да,Оставить,+ Добавить пункт,"Это самостоятельная надпись или справка интерфейса. Без подтверждённого дублирования или понятного контекста сокращение может ухудшить понимание, поэтому сохраняем.",Без изменения,1,0,SUMMARY
tasks,Разовые дела · 0/0,Надпись интерфейса,Да,Оставить,Разовые дела · 0/0,"Это самостоятельная надпись или справка интерфейса. Без подтверждённого дублирования или понятного контекста сокращение может ухудшить понимание, поэтому сохраняем.",Без изменения,1,0,BUTTON
tasks,Открытие · 0/0,Надпись интерфейса,Да,Оставить,Открытие · 0/0,"Это самостоятельная надпись или справка интерфейса. Без подтверждённого дублирования или понятного контекста сокращение может ухудшить понимание, поэтому сохраняем.",Без изменения,1,0,BUTTON
tasks,Во время смены · 0/0,Надпись интерфейса,Да,Оставить,Во время смены · 0/0,"Это самостоятельная надпись или справка интерфейса. Без подтверждённого дублирования или понятного контекста сокращение может ухудшить понимание, поэтому сохраняем.",Без изменения,1,0,BUTTON
tasks,Закрытие · 0/0,Надпись интерфейса,Да,Оставить,Закрытие · 0/0,"Это самостоятельная надпись или справка интерфейса. Без подтверждённого дублирования или понятного контекста сокращение может ухудшить понимание, поэтому сохраняем.",Без изменения,1,0,BUTTON
tasks,Разовые дела остаются до выполнения.,Операционный статус,Да,Оставить,Разовые дела остаются до выполнения.,"Это значение, статус или бизнес-данные тестового снимка; оно нужно для работы и не считается текстовым шумом.",Без изменения,1,0,P
tasks,Нужно сделать,Надпись интерфейса,Да,Оставить,Нужно сделать,"Это самостоятельная надпись или справка интерфейса. Без подтверждённого дублирования или понятного контекста сокращение может ухудшить понимание, поэтому сохраняем.",Без изменения,1,0,BUTTON
tasks,Выполнено,Операционный статус,Да,Оставить,Выполнено,"Это значение, статус или бизнес-данные тестового снимка; оно нужно для работы и не считается текстовым шумом.",Без изменения,1,0,BUTTON
tasks,Все,Надпись интерфейса,Да,Оставить,Все,"Это самостоятельная надпись или справка интерфейса. Без подтверждённого дублирования или понятного контекста сокращение может ухудшить понимание, поэтому сохраняем.",Без изменения,1,0,BUTTON
tasks,Обновить,Надпись интерфейса,Да,Оставить,Обновить,"Это самостоятельная надпись или справка интерфейса. Без подтверждённого дублирования или понятного контекста сокращение может ухудшить понимание, поэтому сохраняем.",Без изменения,1,0,BUTTON
tasks,Нужно сделать: 0 · Выполнено: 0,Операционный статус,Да,Оставить,Нужно сделать: 0 · Выполнено: 0,"Это значение, статус или бизнес-данные тестового снимка; оно нужно для работы и не считается текстовым шумом.",Без изменения,1,0,P
tasks,"Перетащите дело за ⠿, чтобы изменить порядок.",Справочный текст,Да,Оставить,"Перетащите дело за ⠿, чтобы изменить порядок.","Это самостоятельная надпись или справка интерфейса. Без подтверждённого дублирования или понятного контекста сокращение может ухудшить понимание, поэтому сохраняем.",Без изменения,1,0,P
tasks,"С клавиатуры: пробел, затем стрелки вверх или вниз. Enter — сохранить, Escape — отменить.",Текстовая подпись или значение,Да,Оставить,"С клавиатуры: пробел, затем стрелки вверх или вниз. Enter — сохранить, Escape — отменить.","Это самостоятельная надпись или справка интерфейса. Без подтверждённого дублирования или понятного контекста сокращение может ухудшить понимание, поэтому сохраняем.",Без изменения,1,0,SPAN
tasks,Пунктов пока нет. Администратор может добавить их в этот раздел.,Справочный текст,Да,Оставить,Пунктов пока нет. Администратор может добавить их в этот раздел.,"Это самостоятельная надпись или справка интерфейса. Без подтверждённого дублирования или понятного контекста сокращение может ухудшить понимание, поэтому сохраняем.",Без изменения,1,0,P
settings,СТАРТ,Надпись интерфейса,Да,Оставить,СТАРТ,"Это самостоятельная надпись или справка интерфейса. Без подтверждённого дублирования или понятного контекста сокращение может ухудшить понимание, поэтому сохраняем.",Без изменения,1,0,A
settings,Прокат,Надпись интерфейса,Да,Оставить,Прокат,"Это самостоятельная надпись или справка интерфейса. Без подтверждённого дублирования или понятного контекста сокращение может ухудшить понимание, поэтому сохраняем.",Без изменения,2,0,A|H2
settings,Кафе · 10,Надпись интерфейса,Да,Оставить,Кафе · 10,"Это самостоятельная надпись или справка интерфейса. Без подтверждённого дублирования или понятного контекста сокращение может ухудшить понимание, поэтому сохраняем.",Без изменения,1,0,A
settings,Закупка,Надпись интерфейса,Да,Оставить,Закупка,"Это самостоятельная надпись или справка интерфейса. Без подтверждённого дублирования или понятного контекста сокращение может ухудшить понимание, поэтому сохраняем.",Без изменения,1,0,A
settings,Дела,Надпись интерфейса,Да,Оставить,Дела,"Это самостоятельная надпись или справка интерфейса. Без подтверждённого дублирования или понятного контекста сокращение может ухудшить понимание, поэтому сохраняем.",Без изменения,2,0,A|H2
settings,Настройки,Надпись интерфейса,Да,Оставить,Настройки,"Это самостоятельная надпись или справка интерфейса. Без подтверждённого дублирования или понятного контекста сокращение может ухудшить понимание, поэтому сохраняем.",Без изменения,2,0,A|H1
settings,На связи,Текстовая подпись или значение,Да,Оставить,На связи,"Это самостоятельная надпись или справка интерфейса. Без подтверждённого дублирования или понятного контекста сокращение может ухудшить понимание, поэтому сохраняем.",Без изменения,1,0,SPAN
settings,! Принтер,Текстовая подпись или значение,Да,Оставить,! Принтер,"Это самостоятельная надпись или справка интерфейса. Без подтверждённого дублирования или понятного контекста сокращение может ухудшить понимание, поэтому сохраняем.",Без изменения,1,0,SPAN
settings,! Терминал,Текстовая подпись или значение,Да,Оставить,! Терминал,"Это самостоятельная надпись или справка интерфейса. Без подтверждённого дублирования или понятного контекста сокращение может ухудшить понимание, поэтому сохраняем.",Без изменения,1,0,SPAN
settings,"пн, 5 окт",Операционное значение,Да,Оставить,"пн, 5 окт","Это значение, статус или бизнес-данные тестового снимка; оно нужно для работы и не считается текстовым шумом.",Без изменения,1,0,SPAN
settings,12:00,Динамические бизнес-данные,Да,Оставить,12:00,"Это значение, статус или бизнес-данные тестового снимка; оно нужно для работы и не считается текстовым шумом.",Без изменения,1,0,TIME
settings,Выход,Надпись интерфейса,Да,Оставить,Выход,"Это самостоятельная надпись или справка интерфейса. Без подтверждённого дублирования или понятного контекста сокращение может ухудшить понимание, поэтому сохраняем.",Без изменения,1,0,BUTTON
settings,admin,Текстовая подпись или значение,Да,Оставить,admin,"Это самостоятельная надпись или справка интерфейса. Без подтверждённого дублирования или понятного контекста сокращение может ухудшить понимание, поэтому сохраняем.",Без изменения,1,0,SPAN
settings,График,Надпись интерфейса,Да,Оставить,График,"Это самостоятельная надпись или справка интерфейса. Без подтверждённого дублирования или понятного контекста сокращение может ухудшить понимание, поэтому сохраняем.",Без изменения,1,0,A
settings,Касса,Надпись интерфейса,Да,Оставить,Касса,"Это самостоятельная надпись или справка интерфейса. Без подтверждённого дублирования или понятного контекста сокращение может ухудшить понимание, поэтому сохраняем.",Без изменения,2,0,H2|SUMMARY
settings,На смене пока никого,Текстовая подпись или значение,Да,Оставить,На смене пока никого,"Это самостоятельная надпись или справка интерфейса. Без подтверждённого дублирования или понятного контекста сокращение может ухудшить понимание, поэтому сохраняем.",Без изменения,1,0,DIV
settings,Все настройки станции в одном месте.,Справочный текст,Да,Оставить,Все настройки станции в одном месте.,"Это самостоятельная надпись или справка интерфейса. Без подтверждённого дублирования или понятного контекста сокращение может ухудшить понимание, поэтому сохраняем.",Без изменения,1,0,P
settings,Исправить начальный остаток,Надпись интерфейса,Да,Оставить,Исправить начальный остаток,"Это самостоятельная надпись или справка интерфейса. Без подтверждённого дублирования или понятного контекста сокращение может ухудшить понимание, поэтому сохраняем.",Без изменения,1,0,BUTTON
settings,aQsi CS50,Надпись интерфейса,Да,Оставить,aQsi CS50,"Это самостоятельная надпись или справка интерфейса. Без подтверждённого дублирования или понятного контекста сокращение может ухудшить понимание, поэтому сохраняем.",Без изменения,1,0,H2
settings,Подключение кассы →,Надпись интерфейса,Да,Оставить,Подключение кассы →,"Это самостоятельная надпись или справка интерфейса. Без подтверждённого дублирования или понятного контекста сокращение может ухудшить понимание, поэтому сохраняем.",Без изменения,1,0,A
settings,Порядок техники →,Надпись интерфейса,Да,Оставить,Порядок техники →,"Это самостоятельная надпись или справка интерфейса. Без подтверждённого дублирования или понятного контекста сокращение может ухудшить понимание, поэтому сохраняем.",Без изменения,1,0,A
settings,"Тарифы, часы работы и бронирование →",Надпись интерфейса,Да,Оставить,"Тарифы, часы работы и бронирование →","Это самостоятельная надпись или справка интерфейса. Без подтверждённого дублирования или понятного контекста сокращение может ухудшить понимание, поэтому сохраняем.",Без изменения,1,0,A
settings,Кафе,Надпись интерфейса,Да,Оставить,Кафе,"Это самостоятельная надпись или справка интерфейса. Без подтверждённого дублирования или понятного контекста сокращение может ухудшить понимание, поэтому сохраняем.",Без изменения,1,0,H2
settings,"Меню, категории, цены и добавки →",Надпись интерфейса,Да,Оставить,"Меню, категории, цены и добавки →","Это самостоятельная надпись или справка интерфейса. Без подтверждённого дублирования или понятного контекста сокращение может ухудшить понимание, поэтому сохраняем.",Без изменения,1,0,A
settings,"Приём заказов, доставка и время работы →",Надпись интерфейса,Да,Оставить,"Приём заказов, доставка и время работы →","Это самостоятельная надпись или справка интерфейса. Без подтверждённого дублирования или понятного контекста сокращение может ухудшить понимание, поэтому сохраняем.",Без изменения,1,0,A
settings,"Столы, места, QR и NFC →",Надпись интерфейса,Да,Оставить,"Столы, места, QR и NFC →","Это самостоятельная надпись или справка интерфейса. Без подтверждённого дублирования или понятного контекста сокращение может ухудшить понимание, поэтому сохраняем.",Без изменения,1,0,A
settings,Расход ингредиентов и остатки блюд →,Надпись интерфейса,Да,Оставить,Расход ингредиентов и остатки блюд →,"Это самостоятельная надпись или справка интерфейса. Без подтверждённого дублирования или понятного контекста сокращение может ухудшить понимание, поэтому сохраняем.",Без изменения,1,0,A
settings,Выгрузка заказов →,Надпись интерфейса,Да,Оставить,Выгрузка заказов →,"Это самостоятельная надпись или справка интерфейса. Без подтверждённого дублирования или понятного контекста сокращение может ухудшить понимание, поэтому сохраняем.",Без изменения,1,0,A
settings,Склад,Надпись интерфейса,Да,Оставить,Склад,"Это самостоятельная надпись или справка интерфейса. Без подтверждённого дублирования или понятного контекста сокращение может ухудшить понимание, поэтому сохраняем.",Без изменения,1,0,H2
settings,"Товары, категории, единицы и минимальные остатки →",Надпись интерфейса,Да,Оставить,"Товары, категории, единицы и минимальные остатки →","Это самостоятельная надпись или справка интерфейса. Без подтверждённого дублирования или понятного контекста сокращение может ухудшить понимание, поэтому сохраняем.",Без изменения,1,0,A
settings,Сотрудники и зарплата,Надпись интерфейса,Да,Оставить,Сотрудники и зарплата,"Это самостоятельная надпись или справка интерфейса. Без подтверждённого дублирования или понятного контекста сокращение может ухудшить понимание, поэтому сохраняем.",Без изменения,1,0,H2
settings,Смены и зарплата →,Надпись интерфейса,Да,Оставить,Смены и зарплата →,"Это самостоятельная надпись или справка интерфейса. Без подтверждённого дублирования или понятного контекста сокращение может ухудшить понимание, поэтому сохраняем.",Без изменения,1,0,A
settings,График на неделю →,Надпись интерфейса,Да,Оставить,График на неделю →,"Это самостоятельная надпись или справка интерфейса. Без подтверждённого дублирования или понятного контекста сокращение может ухудшить понимание, поэтому сохраняем.",Без изменения,1,0,A
settings,Создать сотрудника и выбрать роль →,Надпись интерфейса,Да,Оставить,Создать сотрудника и выбрать роль →,"Это самостоятельная надпись или справка интерфейса. Без подтверждённого дублирования или понятного контекста сокращение может ухудшить понимание, поэтому сохраняем.",Без изменения,1,0,A
settings,Учётные записи и пароли →,Надпись интерфейса,Да,Оставить,Учётные записи и пароли →,"Это самостоятельная надпись или справка интерфейса. Без подтверждённого дублирования или понятного контекста сокращение может ухудшить понимание, поэтому сохраняем.",Без изменения,1,0,A
settings,Правила расчёта зарплаты →,Надпись интерфейса,Да,Оставить,Правила расчёта зарплаты →,"Это самостоятельная надпись или справка интерфейса. Без подтверждённого дублирования или понятного контекста сокращение может ухудшить понимание, поэтому сохраняем.",Без изменения,1,0,A
settings,Уведомления и печать,Надпись интерфейса,Да,Оставить,Уведомления и печать,"Это самостоятельная надпись или справка интерфейса. Без подтверждённого дублирования или понятного контекста сокращение может ухудшить понимание, поэтому сохраняем.",Без изменения,1,0,H2
settings,Telegram владельцу →,Надпись интерфейса,Да,Оставить,Telegram владельцу →,"Это самостоятельная надпись или справка интерфейса. Без подтверждённого дублирования или понятного контекста сокращение может ухудшить понимание, поэтому сохраняем.",Без изменения,1,0,A
settings,SMS Aero и напоминания →,Надпись интерфейса,Да,Оставить,SMS Aero и напоминания →,"Это самостоятельная надпись или справка интерфейса. Без подтверждённого дублирования или понятного контекста сокращение может ухудшить понимание, поэтому сохраняем.",Без изменения,1,0,A
settings,Принтер и отчёты смены →,Надпись интерфейса,Да,Оставить,Принтер и отчёты смены →,"Это самостоятельная надпись или справка интерфейса. Без подтверждённого дублирования или понятного контекста сокращение может ухудшить понимание, поэтому сохраняем.",Без изменения,1,0,A
settings,Сайт,Надпись интерфейса,Да,Оставить,Сайт,"Это самостоятельная надпись или справка интерфейса. Без подтверждённого дублирования или понятного контекста сокращение может ухудшить понимание, поэтому сохраняем.",Без изменения,1,0,H2
settings,"Тексты, фотографии, контакты и SEO →",Надпись интерфейса,Да,Оставить,"Тексты, фотографии, контакты и SEO →","Это самостоятельная надпись или справка интерфейса. Без подтверждённого дублирования или понятного контекста сокращение может ухудшить понимание, поэтому сохраняем.",Без изменения,1,0,A
settings,"Пункты чек-листов открытия, работы и закрытия →",Надпись интерфейса,Да,Оставить,"Пункты чек-листов открытия, работы и закрытия →","Это самостоятельная надпись или справка интерфейса. Без подтверждённого дублирования или понятного контекста сокращение может ухудшить понимание, поэтому сохраняем.",Без изменения,1,0,A
settings,Порядок техники,Надпись интерфейса,Да,Оставить,Порядок техники,"Это самостоятельная надпись или справка интерфейса. Без подтверждённого дублирования или понятного контекста сокращение может ухудшить понимание, поэтому сохраняем.",Без изменения,1,0,H2
settings,Поднимите частые позиции вверх. Порядок применяется в админке у всех сотрудников.,Справочный текст,Да,Оставить,Поднимите частые позиции вверх. Порядок применяется в админке у всех сотрудников.,"Это самостоятельная надпись или справка интерфейса. Без подтверждённого дублирования или понятного контекста сокращение может ухудшить понимание, поэтому сохраняем.",Без изменения,1,0,P
settings,САП,Текстовая подпись или значение,Да,Оставить,САП,"Это самостоятельная надпись или справка интерфейса. Без подтверждённого дублирования или понятного контекста сокращение может ухудшить понимание, поэтому сохраняем.",Без изменения,1,0,SPAN
settings,↑,Надпись интерфейса,Да,Оставить,↑,"Это самостоятельная надпись или справка интерфейса. Без подтверждённого дублирования или понятного контекста сокращение может ухудшить понимание, поэтому сохраняем.",Без изменения,12,0,BUTTON
settings,↓,Надпись интерфейса,Да,Оставить,↓,"Это самостоятельная надпись или справка интерфейса. Без подтверждённого дублирования или понятного контекста сокращение может ухудшить понимание, поэтому сохраняем.",Без изменения,12,0,BUTTON
settings,ЭлектроСАП,Текстовая подпись или значение,Да,Оставить,ЭлектроСАП,"Это самостоятельная надпись или справка интерфейса. Без подтверждённого дублирования или понятного контекста сокращение может ухудшить понимание, поэтому сохраняем.",Без изменения,1,0,SPAN
settings,Каяк одноместный,Текстовая подпись или значение,Да,Оставить,Каяк одноместный,"Это самостоятельная надпись или справка интерфейса. Без подтверждённого дублирования или понятного контекста сокращение может ухудшить понимание, поэтому сохраняем.",Без изменения,1,0,SPAN
settings,Каяк двухместный,Текстовая подпись или значение,Да,Оставить,Каяк двухместный,"Это самостоятельная надпись или справка интерфейса. Без подтверждённого дублирования или понятного контекста сокращение может ухудшить понимание, поэтому сохраняем.",Без изменения,1,0,SPAN
settings,Каяк трёхместный,Текстовая подпись или значение,Да,Оставить,Каяк трёхместный,"Это самостоятельная надпись или справка интерфейса. Без подтверждённого дублирования или понятного контекста сокращение может ухудшить понимание, поэтому сохраняем.",Без изменения,1,0,SPAN
settings,Электрокатамаран,Текстовая подпись или значение,Да,Оставить,Электрокатамаран,"Это самостоятельная надпись или справка интерфейса. Без подтверждённого дублирования или понятного контекста сокращение может ухудшить понимание, поэтому сохраняем.",Без изменения,1,0,SPAN
settings,ВелоСАП,Текстовая подпись или значение,Да,Оставить,ВелоСАП,"Это самостоятельная надпись или справка интерфейса. Без подтверждённого дублирования или понятного контекста сокращение может ухудшить понимание, поэтому сохраняем.",Без изменения,1,0,SPAN
settings,Катер без капитана,Текстовая подпись или значение,Да,Оставить,Катер без капитана,"Это самостоятельная надпись или справка интерфейса. Без подтверждённого дублирования или понятного контекста сокращение может ухудшить понимание, поэтому сохраняем.",Без изменения,1,0,SPAN
settings,Катер с капитаном,Текстовая подпись или значение,Да,Оставить,Катер с капитаном,"Это самостоятельная надпись или справка интерфейса. Без подтверждённого дублирования или понятного контекста сокращение может ухудшить понимание, поэтому сохраняем.",Без изменения,1,0,SPAN
settings,Big SUP,Текстовая подпись или значение,Да,Оставить,Big SUP,"Это самостоятельная надпись или справка интерфейса. Без подтверждённого дублирования или понятного контекста сокращение может ухудшить понимание, поэтому сохраняем.",Без изменения,1,0,SPAN
settings,Вёсельная лодка,Текстовая подпись или значение,Да,Оставить,Вёсельная лодка,"Это самостоятельная надпись или справка интерфейса. Без подтверждённого дублирования или понятного контекста сокращение может ухудшить понимание, поэтому сохраняем.",Без изменения,1,0,SPAN
settings,Светящийся САП,Текстовая подпись или значение,Да,Оставить,Светящийся САП,"Это самостоятельная надпись или справка интерфейса. Без подтверждённого дублирования или понятного контекста сокращение может ухудшить понимание, поэтому сохраняем.",Без изменения,1,0,SPAN
settings,Сохранить порядок,Надпись интерфейса,Да,Оставить,Сохранить порядок,"Это самостоятельная надпись или справка интерфейса. Без подтверждённого дублирования или понятного контекста сокращение может ухудшить понимание, поэтому сохраняем.",Без изменения,1,0,BUTTON
settings,Обновить список,Надпись интерфейса,Да,Оставить,Обновить список,"Это самостоятельная надпись или справка интерфейса. Без подтверждённого дублирования или понятного контекста сокращение может ухудшить понимание, поэтому сохраняем.",Без изменения,1,0,BUTTON
accounts,СТАРТ,Надпись интерфейса,Да,Оставить,СТАРТ,"Это самостоятельная надпись или справка интерфейса. Без подтверждённого дублирования или понятного контекста сокращение может ухудшить понимание, поэтому сохраняем.",Без изменения,1,0,A
accounts,Прокат,Надпись интерфейса,Да,Оставить,Прокат,"Это самостоятельная надпись или справка интерфейса. Без подтверждённого дублирования или понятного контекста сокращение может ухудшить понимание, поэтому сохраняем.",Без изменения,1,0,A
accounts,Кафе · 10,Надпись интерфейса,Да,Оставить,Кафе · 10,"Это самостоятельная надпись или справка интерфейса. Без подтверждённого дублирования или понятного контекста сокращение может ухудшить понимание, поэтому сохраняем.",Без изменения,1,0,A
accounts,Закупка,Надпись интерфейса,Да,Оставить,Закупка,"Это самостоятельная надпись или справка интерфейса. Без подтверждённого дублирования или понятного контекста сокращение может ухудшить понимание, поэтому сохраняем.",Без изменения,1,0,A
accounts,Дела,Надпись интерфейса,Да,Оставить,Дела,"Это самостоятельная надпись или справка интерфейса. Без подтверждённого дублирования или понятного контекста сокращение может ухудшить понимание, поэтому сохраняем.",Без изменения,1,0,A
accounts,Настройки,Надпись интерфейса,Да,Оставить,Настройки,"Это самостоятельная надпись или справка интерфейса. Без подтверждённого дублирования или понятного контекста сокращение может ухудшить понимание, поэтому сохраняем.",Без изменения,1,0,A
accounts,На связи,Текстовая подпись или значение,Да,Оставить,На связи,"Это самостоятельная надпись или справка интерфейса. Без подтверждённого дублирования или понятного контекста сокращение может ухудшить понимание, поэтому сохраняем.",Без изменения,1,0,SPAN
accounts,! Принтер,Текстовая подпись или значение,Да,Оставить,! Принтер,"Это самостоятельная надпись или справка интерфейса. Без подтверждённого дублирования или понятного контекста сокращение может ухудшить понимание, поэтому сохраняем.",Без изменения,1,0,SPAN
accounts,! Терминал,Текстовая подпись или значение,Да,Оставить,! Терминал,"Это самостоятельная надпись или справка интерфейса. Без подтверждённого дублирования или понятного контекста сокращение может ухудшить понимание, поэтому сохраняем.",Без изменения,1,0,SPAN
accounts,"пн, 5 окт",Операционное значение,Да,Оставить,"пн, 5 окт","Это значение, статус или бизнес-данные тестового снимка; оно нужно для работы и не считается текстовым шумом.",Без изменения,1,0,SPAN
accounts,12:00,Динамические бизнес-данные,Да,Оставить,12:00,"Это значение, статус или бизнес-данные тестового снимка; оно нужно для работы и не считается текстовым шумом.",Без изменения,1,0,TIME
accounts,Выход,Надпись интерфейса,Да,Оставить,Выход,"Это самостоятельная надпись или справка интерфейса. Без подтверждённого дублирования или понятного контекста сокращение может ухудшить понимание, поэтому сохраняем.",Без изменения,1,0,BUTTON
accounts,admin,Текстовая подпись или значение,Да,Оставить,admin,"Это самостоятельная надпись или справка интерфейса. Без подтверждённого дублирования или понятного контекста сокращение может ухудшить понимание, поэтому сохраняем.",Без изменения,2,0,SPAN|STRONG
accounts,График,Надпись интерфейса,Да,Оставить,График,"Это самостоятельная надпись или справка интерфейса. Без подтверждённого дублирования или понятного контекста сокращение может ухудшить понимание, поэтому сохраняем.",Без изменения,1,0,A
accounts,Касса,Надпись интерфейса,Да,Оставить,Касса,"Это самостоятельная надпись или справка интерфейса. Без подтверждённого дублирования или понятного контекста сокращение может ухудшить понимание, поэтому сохраняем.",Без изменения,1,0,SUMMARY
accounts,На смене пока никого,Текстовая подпись или значение,Да,Оставить,На смене пока никого,"Это самостоятельная надпись или справка интерфейса. Без подтверждённого дублирования или понятного контекста сокращение может ухудшить понимание, поэтому сохраняем.",Без изменения,1,0,DIV
accounts,Учётные записи,Надпись интерфейса,Да,Оставить,Учётные записи,"Это самостоятельная надпись или справка интерфейса. Без подтверждённого дублирования или понятного контекста сокращение может ухудшить понимание, поэтому сохраняем.",Без изменения,1,0,H1
accounts,Мой пароль,Надпись интерфейса,Да,Оставить,Мой пароль,"Это самостоятельная надпись или справка интерфейса. Без подтверждённого дублирования или понятного контекста сокращение может ухудшить понимание, поэтому сохраняем.",Без изменения,1,0,H2
accounts,Текущий пароль,Надпись интерфейса,Да,Оставить,Текущий пароль,"Это самостоятельная надпись или справка интерфейса. Без подтверждённого дублирования или понятного контекста сокращение может ухудшить понимание, поэтому сохраняем.",Без изменения,1,0,LABEL
accounts,Новый пароль · от 4 символов,Надпись интерфейса,Да,Оставить,Новый пароль · от 4 символов,"Это самостоятельная надпись или справка интерфейса. Без подтверждённого дублирования или понятного контекста сокращение может ухудшить понимание, поэтому сохраняем.",Без изменения,1,0,LABEL
accounts,Повторите новый пароль,Надпись интерфейса,Да,Оставить,Повторите новый пароль,"Это самостоятельная надпись или справка интерфейса. Без подтверждённого дублирования или понятного контекста сокращение может ухудшить понимание, поэтому сохраняем.",Без изменения,1,0,LABEL
accounts,Сменить пароль,Надпись интерфейса,Да,Оставить,Сменить пароль,"Это самостоятельная надпись или справка интерфейса. Без подтверждённого дублирования или понятного контекста сокращение может ухудшить понимание, поэтому сохраняем.",Без изменения,2,0,BUTTON
accounts,После смены пароля потребуется войти снова на всех устройствах.,Справочный текст,Да,Оставить,После смены пароля потребуется войти снова на всех устройствах.,"Это самостоятельная надпись или справка интерфейса. Без подтверждённого дублирования или понятного контекста сокращение может ухудшить понимание, поэтому сохраняем.",Без изменения,1,0,P
accounts,Сотрудники,Надпись интерфейса,Да,Оставить,Сотрудники,"Это самостоятельная надпись или справка интерфейса. Без подтверждённого дублирования или понятного контекста сокращение может ухудшить понимание, поэтому сохраняем.",Без изменения,1,0,H2
accounts,Добавить сотрудника / изменить роль →,Надпись интерфейса,Да,Оставить,Добавить сотрудника / изменить роль →,"Это самостоятельная надпись или справка интерфейса. Без подтверждённого дублирования или понятного контекста сокращение может ухудшить понимание, поэтому сохраняем.",Без изменения,1,0,A
accounts,Администратор,Текстовая подпись или значение,Да,Оставить,Администратор,"Это самостоятельная надпись или справка интерфейса. Без подтверждённого дублирования или понятного контекста сокращение может ухудшить понимание, поэтому сохраняем.",Без изменения,1,0,SPAN
accounts,station,Текстовая подпись или значение,Да,Оставить,station,"Это самостоятельная надпись или справка интерфейса. Без подтверждённого дублирования или понятного контекста сокращение может ухудшить понимание, поэтому сохраняем.",Без изменения,1,0,STRONG
accounts,Прокат и кафе,Текстовая подпись или значение,Да,Оставить,Прокат и кафе,"Это самостоятельная надпись или справка интерфейса. Без подтверждённого дублирования или понятного контекста сокращение может ухудшить понимание, поэтому сохраняем.",Без изменения,1,0,SPAN
accounts,Удалить доступ,Надпись интерфейса,Да,Оставить,Удалить доступ,"Это самостоятельная надпись или справка интерфейса. Без подтверждённого дублирования или понятного контекста сокращение может ухудшить понимание, поэтому сохраняем.",Без изменения,1,0,BUTTON
cafe-new,СТАРТ,Категория или позиция меню,Да,Оставить,СТАРТ,"Это самостоятельная надпись или справка интерфейса. Без подтверждённого дублирования или понятного контекста сокращение может ухудшить понимание, поэтому сохраняем.",Без изменения,1,0,A
cafe-new,Прокат,Категория или позиция меню,Да,Оставить,Прокат,"Это самостоятельная надпись или справка интерфейса. Без подтверждённого дублирования или понятного контекста сокращение может ухудшить понимание, поэтому сохраняем.",Без изменения,1,0,A
cafe-new,Кафе · 10,Категория или позиция меню,Да,Оставить,Кафе · 10,"Это самостоятельная надпись или справка интерфейса. Без подтверждённого дублирования или понятного контекста сокращение может ухудшить понимание, поэтому сохраняем.",Без изменения,1,0,A
cafe-new,Закупка,Категория или позиция меню,Да,Оставить,Закупка,"Это самостоятельная надпись или справка интерфейса. Без подтверждённого дублирования или понятного контекста сокращение может ухудшить понимание, поэтому сохраняем.",Без изменения,1,0,A
cafe-new,Дела,Категория или позиция меню,Да,Оставить,Дела,"Это самостоятельная надпись или справка интерфейса. Без подтверждённого дублирования или понятного контекста сокращение может ухудшить понимание, поэтому сохраняем.",Без изменения,1,0,A
cafe-new,Настройки,Категория или позиция меню,Да,Оставить,Настройки,"Это самостоятельная надпись или справка интерфейса. Без подтверждённого дублирования или понятного контекста сокращение может ухудшить понимание, поэтому сохраняем.",Без изменения,1,0,A
cafe-new,На связи,Текстовая подпись или значение,Да,Оставить,На связи,"Это самостоятельная надпись или справка интерфейса. Без подтверждённого дублирования или понятного контекста сокращение может ухудшить понимание, поэтому сохраняем.",Без изменения,1,0,SPAN
cafe-new,! Принтер,Текстовая подпись или значение,Да,Оставить,! Принтер,"Это самостоятельная надпись или справка интерфейса. Без подтверждённого дублирования или понятного контекста сокращение может ухудшить понимание, поэтому сохраняем.",Без изменения,1,0,SPAN
cafe-new,! Терминал,Текстовая подпись или значение,Да,Оставить,! Терминал,"Это самостоятельная надпись или справка интерфейса. Без подтверждённого дублирования или понятного контекста сокращение может ухудшить понимание, поэтому сохраняем.",Без изменения,1,0,SPAN
cafe-new,"пн, 5 окт",Операционное значение,Да,Оставить,"пн, 5 окт","Это значение, статус или бизнес-данные тестового снимка; оно нужно для работы и не считается текстовым шумом.",Без изменения,1,0,SPAN
cafe-new,12:01,Динамические бизнес-данные,Да,Оставить,12:01,"Это значение, статус или бизнес-данные тестового снимка; оно нужно для работы и не считается текстовым шумом.",Без изменения,1,0,TIME
cafe-new,Выход,Надпись интерфейса,Да,Оставить,Выход,"Это самостоятельная надпись или справка интерфейса. Без подтверждённого дублирования или понятного контекста сокращение может ухудшить понимание, поэтому сохраняем.",Без изменения,1,0,BUTTON
cafe-new,admin,Текстовая подпись или значение,Да,Оставить,admin,"Это самостоятельная надпись или справка интерфейса. Без подтверждённого дублирования или понятного контекста сокращение может ухудшить понимание, поэтому сохраняем.",Без изменения,1,0,SPAN
cafe-new,График,Категория или позиция меню,Да,Оставить,График,"Это самостоятельная надпись или справка интерфейса. Без подтверждённого дублирования или понятного контекста сокращение может ухудшить понимание, поэтому сохраняем.",Без изменения,1,0,A
cafe-new,Касса,Надпись интерфейса,Да,Оставить,Касса,"Это самостоятельная надпись или справка интерфейса. Без подтверждённого дублирования или понятного контекста сокращение может ухудшить понимание, поэтому сохраняем.",Без изменения,1,0,SUMMARY
cafe-new,На смене пока никого,Текстовая подпись или значение,Да,Оставить,На смене пока никого,"Это самостоятельная надпись или справка интерфейса. Без подтверждённого дублирования или понятного контекста сокращение может ухудшить понимание, поэтому сохраняем.",Без изменения,1,0,DIV
cafe-new,Кафе,Надпись интерфейса,Да,Оставить,Кафе,"Это самостоятельная надпись или справка интерфейса. Без подтверждённого дублирования или понятного контекста сокращение может ухудшить понимание, поэтому сохраняем.",Без изменения,1,0,H1
cafe-new,Заказы,Надпись интерфейса,Да,Оставить,Заказы,"Это самостоятельная надпись или справка интерфейса. Без подтверждённого дублирования или понятного контекста сокращение может ухудшить понимание, поэтому сохраняем.",Без изменения,1,0,BUTTON
cafe-new,Новый заказ,Надпись интерфейса,Да,Оставить,Новый заказ,"Это самостоятельная надпись или справка интерфейса. Без подтверждённого дублирования или понятного контекста сокращение может ухудшить понимание, поэтому сохраняем.",Без изменения,1,0,BUTTON
cafe-new,Счета гостей,Надпись интерфейса,Да,Оставить,Счета гостей,"Это самостоятельная надпись или справка интерфейса. Без подтверждённого дублирования или понятного контекста сокращение может ухудшить понимание, поэтому сохраняем.",Без изменения,2,0,BUTTON|SPAN
cafe-new,Найти в меню,Надпись интерфейса,Да,Оставить,Найти в меню,"Это самостоятельная надпись или справка интерфейса. Без подтверждённого дублирования или понятного контекста сокращение может ухудшить понимание, поэтому сохраняем.",Без изменения,1,0,LABEL
cafe-new,Свободная цена,Надпись интерфейса,Да,Оставить,Свободная цена,"Это самостоятельная надпись или справка интерфейса. Без подтверждённого дублирования или понятного контекста сокращение может ухудшить понимание, поэтому сохраняем.",Без изменения,1,0,BUTTON
cafe-new,Сырники,"Каталог: товар, цена или порция",Да,Оставить,Сырники,"Это значение, статус или бизнес-данные тестового снимка; оно нужно для работы и не считается текстовым шумом.",Без изменения,3,0,A|H2|H3
cafe-new,Супы,"Каталог: товар, цена или порция",Да,Оставить,Супы,"Это значение, статус или бизнес-данные тестового снимка; оно нужно для работы и не считается текстовым шумом.",Без изменения,2,0,A|H2
cafe-new,Пицца,"Каталог: товар, цена или порция",Да,Оставить,Пицца,"Это значение, статус или бизнес-данные тестового снимка; оно нужно для работы и не считается текстовым шумом.",Без изменения,2,0,A|H2
cafe-new,Пельмени,"Каталог: товар, цена или порция",Да,Оставить,Пельмени,"Это значение, статус или бизнес-данные тестового снимка; оно нужно для работы и не считается текстовым шумом.",Без изменения,2,0,A|H2
cafe-new,Закуски,"Каталог: товар, цена или порция",Да,Оставить,Закуски,"Это значение, статус или бизнес-данные тестового снимка; оно нужно для работы и не считается текстовым шумом.",Без изменения,2,0,A|H2
cafe-new,Чай,"Каталог: товар, цена или порция",Да,Оставить,Чай,"Это значение, статус или бизнес-данные тестового снимка; оно нужно для работы и не считается текстовым шумом.",Без изменения,2,0,A|H2
cafe-new,Кофе и какао,"Каталог: товар, цена или порция",Да,Оставить,Кофе и какао,"Это значение, статус или бизнес-данные тестового снимка; оно нужно для работы и не считается текстовым шумом.",Без изменения,2,0,A|H2
cafe-new,Холодные напитки,"Каталог: товар, цена или порция",Да,Оставить,Холодные напитки,"Это значение, статус или бизнес-данные тестового снимка; оно нужно для работы и не считается текстовым шумом.",Без изменения,2,0,A|H2
cafe-new,Безалкогольное пиво,"Каталог: товар, цена или порция",Да,Оставить,Безалкогольное пиво,"Это значение, статус или бизнес-данные тестового снимка; оно нужно для работы и не считается текстовым шумом.",Без изменения,3,0,A|H2|H3
cafe-new,Кальяны на чайной смеси,"Каталог: товар, цена или порция",Да,Оставить,Кальяны на чайной смеси,"Это значение, статус или бизнес-данные тестового снимка; оно нужно для работы и не считается текстовым шумом.",Без изменения,2,0,A|H2
cafe-new,Доступно: 99981 порц.,Текстовая подпись или значение,Да,Оставить,Доступно: 99981 порц.,"Это самостоятельная надпись или справка интерфейса. Без подтверждённого дублирования или понятного контекста сокращение может ухудшить понимание, поэтому сохраняем.",Без изменения,37,0,SPAN
cafe-new,порция,"Каталог: товар, цена или порция",Да,Оставить,порция,"Это значение, статус или бизнес-данные тестового снимка; оно нужно для работы и не считается текстовым шумом.",Без изменения,1,0,SMALL
cafe-new,400 ₽,Динамические бизнес-данные,Да,Оставить,400 ₽,"Это значение, статус или бизнес-данные тестового снимка; оно нужно для работы и не считается текстовым шумом.",Без изменения,11,0,STRONG
cafe-new,+,Надпись интерфейса,Да,Оставить,+,"Это самостоятельная надпись или справка интерфейса. Без подтверждённого дублирования или понятного контекста сокращение может ухудшить понимание, поэтому сохраняем.",Без изменения,42,0,BUTTON
cafe-new,Том Ям с креветками и грибами,"Каталог: товар, цена или порция",Да,Оставить,Том Ям с креветками и грибами,"Это значение, статус или бизнес-данные тестового снимка; оно нужно для работы и не считается текстовым шумом.",Без изменения,1,0,H3
cafe-new,360 г,"Каталог: товар, цена или порция",Да,Оставить,360 г,"Это значение, статус или бизнес-данные тестового снимка; оно нужно для работы и не считается текстовым шумом.",Без изменения,1,0,SMALL
cafe-new,800 ₽,Динамические бизнес-данные,Да,Оставить,800 ₽,"Это значение, статус или бизнес-данные тестового снимка; оно нужно для работы и не считается текстовым шумом.",Без изменения,8,0,STRONG
cafe-new,Гороховый суп с копчёностями,"Каталог: товар, цена или порция",Да,Оставить,Гороховый суп с копчёностями,"Это значение, статус или бизнес-данные тестового снимка; оно нужно для работы и не считается текстовым шумом.",Без изменения,1,0,H3
cafe-new,250 г,"Каталог: товар, цена или порция",Да,Оставить,250 г,"Это значение, статус или бизнес-данные тестового снимка; оно нужно для работы и не считается текстовым шумом.",Без изменения,8,0,SMALL
cafe-new,Лапша с курицей,"Каталог: товар, цена или порция",Да,Оставить,Лапша с курицей,"Это значение, статус или бизнес-данные тестового снимка; оно нужно для работы и не считается текстовым шумом.",Без изменения,1,0,H3
cafe-new,Борщ оригинальный с говядиной,"Каталог: товар, цена или порция",Да,Оставить,Борщ оригинальный с говядиной,"Это значение, статус или бизнес-данные тестового снимка; оно нужно для работы и не считается текстовым шумом.",Без изменения,1,0,H3
cafe-new,Уха янтарная,"Каталог: товар, цена или порция",Да,Оставить,Уха янтарная,"Это значение, статус или бизнес-данные тестового снимка; оно нужно для работы и не считается текстовым шумом.",Без изменения,1,0,H3
cafe-new,Лапша с фрикадельками,"Каталог: товар, цена или порция",Да,Оставить,Лапша с фрикадельками,"Это значение, статус или бизнес-данные тестового снимка; оно нужно для работы и не считается текстовым шумом.",Без изменения,1,0,H3
cafe-new,Солянка по-домашнему,"Каталог: товар, цена или порция",Да,Оставить,Солянка по-домашнему,"Это значение, статус или бизнес-данные тестового снимка; оно нужно для работы и не считается текстовым шумом.",Без изменения,1,0,H3
cafe-new,Суп с грибами и сыром,"Каталог: товар, цена или порция",Да,Оставить,Суп с грибами и сыром,"Это значение, статус или бизнес-данные тестового снимка; оно нужно для работы и не считается текстовым шумом.",Без изменения,1,0,H3
cafe-new,Лагман с говядиной,"Каталог: товар, цена или порция",Да,Оставить,Лагман с говядиной,"Это значение, статус или бизнес-данные тестового снимка; оно нужно для работы и не считается текстовым шумом.",Без изменения,1,0,H3
cafe-new,Маргарита песто,"Каталог: товар, цена или порция",Да,Оставить,Маргарита песто,"Это значение, статус или бизнес-данные тестового снимка; оно нужно для работы и не считается текстовым шумом.",Без изменения,1,0,H3
cafe-new,4 сыра,"Каталог: товар, цена или порция",Да,Оставить,4 сыра,"Это значение, статус или бизнес-данные тестового снимка; оно нужно для работы и не считается текстовым шумом.",Без изменения,1,0,H3
cafe-new,Супермясная,"Каталог: товар, цена или порция",Да,Оставить,Супермясная,"Это значение, статус или бизнес-данные тестового снимка; оно нужно для работы и не считается текстовым шумом.",Без изменения,1,0,H3
cafe-new,Дабл пепперони,"Каталог: товар, цена или порция",Да,Оставить,Дабл пепперони,"Это значение, статус или бизнес-данные тестового снимка; оно нужно для работы и не считается текстовым шумом.",Без изменения,1,0,H3
cafe-new,Цыплёнок бешамель,"Каталог: товар, цена или порция",Да,Оставить,Цыплёнок бешамель,"Это значение, статус или бизнес-данные тестового снимка; оно нужно для работы и не считается текстовым шумом.",Без изменения,1,0,H3
cafe-new,Ветчина и грибы,"Каталог: товар, цена или порция",Да,Оставить,Ветчина и грибы,"Это значение, статус или бизнес-данные тестового снимка; оно нужно для работы и не считается текстовым шумом.",Без изменения,1,0,H3
cafe-new,Пельмени говяжьи,"Каталог: товар, цена или порция",Да,Оставить,Пельмени говяжьи,"Это значение, статус или бизнес-данные тестового снимка; оно нужно для работы и не считается текстовым шумом.",Без изменения,1,0,H3
cafe-new,300 г,"Каталог: товар, цена или порция",Да,Оставить,300 г,"Это значение, статус или бизнес-данные тестового снимка; оно нужно для работы и не считается текстовым шумом.",Без изменения,1,0,SMALL
cafe-new,Картошка фри,"Каталог: товар, цена или порция",Да,Оставить,Картошка фри,"Это значение, статус или бизнес-данные тестового снимка; оно нужно для работы и не считается текстовым шумом.",Без изменения,1,0,H3
cafe-new,Стрипсы,"Каталог: товар, цена или порция",Да,Оставить,Стрипсы,"Это значение, статус или бизнес-данные тестового снимка; оно нужно для работы и не считается текстовым шумом.",Без изменения,1,0,H3
cafe-new,500 ₽,Динамические бизнес-данные,Да,Оставить,500 ₽,"Это значение, статус или бизнес-данные тестового снимка; оно нужно для работы и не считается текстовым шумом.",Без изменения,4,0,STRONG
cafe-new,Сырные палочки,"Каталог: товар, цена или порция",Да,Оставить,Сырные палочки,"Это значение, статус или бизнес-данные тестового снимка; оно нужно для работы и не считается текстовым шумом.",Без изменения,1,0,H3
cafe-new,Креветки фри,"Каталог: товар, цена или порция",Да,Оставить,Креветки фри,"Это значение, статус или бизнес-данные тестового снимка; оно нужно для работы и не считается текстовым шумом.",Без изменения,1,0,H3
cafe-new,700 ₽,Динамические бизнес-данные,Да,Оставить,700 ₽,"Это значение, статус или бизнес-данные тестового снимка; оно нужно для работы и не считается текстовым шумом.",Без изменения,2,0,STRONG
cafe-new,Классический чай,"Каталог: товар, цена или порция",Да,Оставить,Классический чай,"Это значение, статус или бизнес-данные тестового снимка; оно нужно для работы и не считается текстовым шумом.",Без изменения,1,0,H3
cafe-new,До 99981 порц. · по варианту,Текстовая подпись или значение,Да,Оставить,До 99981 порц. · по варианту,"Это самостоятельная надпись или справка интерфейса. Без подтверждённого дублирования или понятного контекста сокращение может ухудшить понимание, поэтому сохраняем.",Без изменения,5,0,SPAN
cafe-new,500 мл,"Каталог: товар, цена или порция",Да,Оставить,500 мл,"Это значение, статус или бизнес-данные тестового снимка; оно нужно для работы и не считается текстовым шумом.",Без изменения,10,0,SMALL
cafe-new,Выбрать вариант,Текстовая подпись или значение,Да,Оставить,Выбрать вариант,"Это самостоятельная надпись или справка интерфейса. Без подтверждённого дублирования или понятного контекста сокращение может ухудшить понимание, поэтому сохраняем.",Без изменения,5,0,SPAN
cafe-new,Травяной и ягодный чай,"Каталог: товар, цена или порция",Да,Оставить,Травяной и ягодный чай,"Это значение, статус или бизнес-данные тестового снимка; оно нужно для работы и не считается текстовым шумом.",Без изменения,1,0,H3
cafe-new,Чайный набор «У самовара»,"Каталог: товар, цена или порция",Да,Оставить,Чайный набор «У самовара»,"Это значение, статус или бизнес-данные тестового снимка; оно нужно для работы и не считается текстовым шумом.",Без изменения,1,0,H3
cafe-new,2 000 ₽,Динамические бизнес-данные,Да,Оставить,2 000 ₽,"Это значение, статус или бизнес-данные тестового снимка; оно нужно для работы и не считается текстовым шумом.",Без изменения,1,0,STRONG
cafe-new,Двойной эспрессо,"Каталог: товар, цена или порция",Да,Оставить,Двойной эспрессо,"Это значение, статус или бизнес-данные тестового снимка; оно нужно для работы и не считается текстовым шумом.",Без изменения,1,0,H3
cafe-new,70 мл,"Каталог: товар, цена или порция",Да,Оставить,70 мл,"Это значение, статус или бизнес-данные тестового снимка; оно нужно для работы и не считается текстовым шумом.",Без изменения,1,0,SMALL
cafe-new,350 ₽,Динамические бизнес-данные,Да,Оставить,350 ₽,"Это значение, статус или бизнес-данные тестового снимка; оно нужно для работы и не считается текстовым шумом.",Без изменения,8,0,STRONG
cafe-new,Американо,"Каталог: товар, цена или порция",Да,Оставить,Американо,"Это значение, статус или бизнес-данные тестового снимка; оно нужно для работы и не считается текстовым шумом.",Без изменения,1,0,H3
cafe-new,350 мл,"Каталог: товар, цена или порция",Да,Оставить,350 мл,"Это значение, статус или бизнес-данные тестового снимка; оно нужно для работы и не считается текстовым шумом.",Без изменения,3,0,SMALL
cafe-new,Капучино,"Каталог: товар, цена или порция",Да,Оставить,Капучино,"Это значение, статус или бизнес-данные тестового снимка; оно нужно для работы и не считается текстовым шумом.",Без изменения,1,0,H3
cafe-new,Латте,"Каталог: товар, цена или порция",Да,Оставить,Латте,"Это значение, статус или бизнес-данные тестового снимка; оно нужно для работы и не считается текстовым шумом.",Без изменения,1,0,H3
cafe-new,Флэт уайт,"Каталог: товар, цена или порция",Да,Оставить,Флэт уайт,"Это значение, статус или бизнес-данные тестового снимка; оно нужно для работы и не считается текстовым шумом.",Без изменения,1,0,H3
cafe-new,250 мл,"Каталог: товар, цена или порция",Да,Оставить,250 мл,"Это значение, статус или бизнес-данные тестового снимка; оно нужно для работы и не считается текстовым шумом.",Без изменения,3,0,SMALL
cafe-new,Мокачино,"Каталог: товар, цена или порция",Да,Оставить,Мокачино,"Это значение, статус или бизнес-данные тестового снимка; оно нужно для работы и не считается текстовым шумом.",Без изменения,1,0,H3
cafe-new,Бамбл кофе,"Каталог: товар, цена или порция",Да,Оставить,Бамбл кофе,"Это значение, статус или бизнес-данные тестового снимка; оно нужно для работы и не считается текстовым шумом.",Без изменения,1,0,H3
cafe-new,Какао,"Каталог: товар, цена или порция",Да,Оставить,Какао,"Это значение, статус или бизнес-данные тестового снимка; оно нужно для работы и не считается текстовым шумом.",Без изменения,1,0,H3
cafe-new,Смузи,"Каталог: товар, цена или порция",Да,Оставить,Смузи,"Это значение, статус или бизнес-данные тестового снимка; оно нужно для работы и не считается текстовым шумом.",Без изменения,1,0,H3
cafe-new,Вода JEVEA,"Каталог: товар, цена или порция",Да,Оставить,Вода JEVEA,"Это значение, статус или бизнес-данные тестового снимка; оно нужно для работы и не считается текстовым шумом.",Без изменения,1,0,H3
cafe-new,250 ₽,Динамические бизнес-данные,Да,Оставить,250 ₽,"Это значение, статус или бизнес-данные тестового снимка; оно нужно для работы и не считается текстовым шумом.",Без изменения,1,0,STRONG
cafe-new,Липтон,"Каталог: товар, цена или порция",Да,Оставить,Липтон,"Это значение, статус или бизнес-данные тестового снимка; оно нужно для работы и не считается текстовым шумом.",Без изменения,1,0,H3
cafe-new,300 ₽,Динамические бизнес-данные,Да,Оставить,300 ₽,"Это значение, статус или бизнес-данные тестового снимка; оно нужно для работы и не считается текстовым шумом.",Без изменения,4,0,STRONG
cafe-new,Квас в банке,"Каталог: товар, цена или порция",Да,Оставить,Квас в банке,"Это значение, статус или бизнес-данные тестового снимка; оно нужно для работы и не считается текстовым шумом.",Без изменения,1,0,H3
cafe-new,Квас разливной,"Каталог: товар, цена или порция",Да,Оставить,Квас разливной,"Это значение, статус или бизнес-данные тестового снимка; оно нужно для работы и не считается текстовым шумом.",Без изменения,1,0,H3
cafe-new,Фанта,"Каталог: товар, цена или порция",Да,Оставить,Фанта,"Это значение, статус или бизнес-данные тестового снимка; оно нужно для работы и не считается текстовым шумом.",Без изменения,1,0,H3
cafe-new,Кока-Кола,"Каталог: товар, цена или порция",Да,Оставить,Кока-Кола,"Это значение, статус или бизнес-данные тестового снимка; оно нужно для работы и не считается текстовым шумом.",Без изменения,1,0,H3
cafe-new,330 мл,"Каталог: товар, цена или порция",Да,Оставить,330 мл,"Это значение, статус или бизнес-данные тестового снимка; оно нужно для работы и не считается текстовым шумом.",Без изменения,1,0,SMALL
cafe-new,Сок RICH,"Каталог: товар, цена или порция",Да,Оставить,Сок RICH,"Это значение, статус или бизнес-данные тестового снимка; оно нужно для работы и не считается текстовым шумом.",Без изменения,1,0,H3
cafe-new,200 мл,"Каталог: товар, цена или порция",Да,Оставить,200 мл,"Это значение, статус или бизнес-данные тестового снимка; оно нужно для работы и не считается текстовым шумом.",Без изменения,1,0,SMALL
cafe-new,450 ₽,Динамические бизнес-данные,Да,Оставить,450 ₽,"Это значение, статус или бизнес-данные тестового снимка; оно нужно для работы и не считается текстовым шумом.",Без изменения,2,0,STRONG
cafe-new,Кальян на чайной смеси,"Каталог: товар, цена или порция",Да,Оставить,Кальян на чайной смеси,"Это значение, статус или бизнес-данные тестового снимка; оно нужно для работы и не считается текстовым шумом.",Без изменения,1,0,H3
cafe-new,3 000 ₽,Динамические бизнес-данные,Да,Оставить,3 000 ₽,"Это значение, статус или бизнес-данные тестового снимка; оно нужно для работы и не считается текстовым шумом.",Без изменения,1,0,STRONG
cafe-new,Сбросить,Надпись интерфейса,Да,Оставить,Сбросить,"Это самостоятельная надпись или справка интерфейса. Без подтверждённого дублирования или понятного контекста сокращение может ухудшить понимание, поэтому сохраняем.",Без изменения,1,0,BUTTON
cafe-new,В кафе,Надпись интерфейса,Да,Оставить,В кафе,"Это самостоятельная надпись или справка интерфейса. Без подтверждённого дублирования или понятного контекста сокращение может ухудшить понимание, поэтому сохраняем.",Без изменения,1,0,BUTTON
cafe-new,Стол / лаунж,Надпись интерфейса,Да,Оставить,Стол / лаунж,"Это самостоятельная надпись или справка интерфейса. Без подтверждённого дублирования или понятного контекста сокращение может ухудшить понимание, поэтому сохраняем.",Без изменения,1,0,BUTTON
cafe-new,Сотруднику,Надпись интерфейса,Да,Оставить,Сотруднику,"Это самостоятельная надпись или справка интерфейса. Без подтверждённого дублирования или понятного контекста сокращение может ухудшить понимание, поэтому сохраняем.",Без изменения,1,0,BUTTON
cafe-new,Итого: 0 ₽,Справочный текст,Да,Оставить,Итого: 0 ₽,"Это самостоятельная надпись или справка интерфейса. Без подтверждённого дублирования или понятного контекста сокращение может ухудшить понимание, поэтому сохраняем.",Без изменения,1,0,P
cafe-new,Сразу выдать,"Каталог: товар, цена или порция",Да,Оставить,Сразу выдать,"Это значение, статус или бизнес-данные тестового снимка; оно нужно для работы и не считается текстовым шумом.",Без изменения,1,0,H3
cafe-new,Картой,Надпись интерфейса,Да,Оставить,Картой,"Это самостоятельная надпись или справка интерфейса. Без подтверждённого дублирования или понятного контекста сокращение может ухудшить понимание, поэтому сохраняем.",Без изменения,2,0,BUTTON
cafe-new,Наличными,Надпись интерфейса,Да,Оставить,Наличными,"Это самостоятельная надпись или справка интерфейса. Без подтверждённого дублирования или понятного контекста сокращение может ухудшить понимание, поэтому сохраняем.",Без изменения,2,0,BUTTON
cafe-new,Эквайринг вручную,Надпись интерфейса,Да,Оставить,Эквайринг вручную,"Это самостоятельная надпись или справка интерфейса. Без подтверждённого дублирования или понятного контекста сокращение может ухудшить понимание, поэтому сохраняем.",Без изменения,2,0,BUTTON
cafe-new,В работу,"Каталог: товар, цена или порция",Да,Оставить,В работу,"Это значение, статус или бизнес-данные тестового снимка; оно нужно для работы и не считается текстовым шумом.",Без изменения,1,0,H3
cafe-new,В счёт гостя / оплатить позже,Надпись интерфейса,Да,Оставить,В счёт гостя / оплатить позже,"Это самостоятельная надпись или справка интерфейса. Без подтверждённого дублирования или понятного контекста сокращение может ухудшить понимание, поэтому сохраняем.",Без изменения,1,0,BUTTON
cafe-new,Рабочий день не открыт,Операционный статус,Да,Оставить,Рабочий день не открыт,"Это значение, статус или бизнес-данные тестового снимка; оно нужно для работы и не считается текстовым шумом.",Без изменения,1,0,SPAN
cafe-new,Подвести и сохранить итог дня,Текстовая подпись или значение,Да,Оставить,Подвести и сохранить итог дня,"Это самостоятельная надпись или справка интерфейса. Без подтверждённого дублирования или понятного контекста сокращение может ухудшить понимание, поэтому сохраняем.",Без изменения,1,0,SPAN
cafe-new,Распечатать предварительный отчёт,Надпись интерфейса,Да,Оставить,Распечатать предварительный отчёт,"Это самостоятельная надпись или справка интерфейса. Без подтверждённого дублирования или понятного контекста сокращение может ухудшить понимание, поэтому сохраняем.",Без изменения,1,0,BUTTON
guest-bills,СТАРТ,Надпись интерфейса,Да,Оставить,СТАРТ,"Это самостоятельная надпись или справка интерфейса. Без подтверждённого дублирования или понятного контекста сокращение может ухудшить понимание, поэтому сохраняем.",Без изменения,1,0,A
guest-bills,Прокат,Надпись интерфейса,Да,Оставить,Прокат,"Это самостоятельная надпись или справка интерфейса. Без подтверждённого дублирования или понятного контекста сокращение может ухудшить понимание, поэтому сохраняем.",Без изменения,1,0,A
guest-bills,Кафе · 10,Надпись интерфейса,Да,Оставить,Кафе · 10,"Это самостоятельная надпись или справка интерфейса. Без подтверждённого дублирования или понятного контекста сокращение может ухудшить понимание, поэтому сохраняем.",Без изменения,1,0,A
guest-bills,Закупка,Надпись интерфейса,Да,Оставить,Закупка,"Это самостоятельная надпись или справка интерфейса. Без подтверждённого дублирования или понятного контекста сокращение может ухудшить понимание, поэтому сохраняем.",Без изменения,1,0,A
guest-bills,Дела,Надпись интерфейса,Да,Оставить,Дела,"Это самостоятельная надпись или справка интерфейса. Без подтверждённого дублирования или понятного контекста сокращение может ухудшить понимание, поэтому сохраняем.",Без изменения,1,0,A
guest-bills,Настройки,Надпись интерфейса,Да,Оставить,Настройки,"Это самостоятельная надпись или справка интерфейса. Без подтверждённого дублирования или понятного контекста сокращение может ухудшить понимание, поэтому сохраняем.",Без изменения,1,0,A
guest-bills,На связи,Текстовая подпись или значение,Да,Оставить,На связи,"Это самостоятельная надпись или справка интерфейса. Без подтверждённого дублирования или понятного контекста сокращение может ухудшить понимание, поэтому сохраняем.",Без изменения,1,0,SPAN
guest-bills,! Принтер,Текстовая подпись или значение,Да,Оставить,! Принтер,"Это самостоятельная надпись или справка интерфейса. Без подтверждённого дублирования или понятного контекста сокращение может ухудшить понимание, поэтому сохраняем.",Без изменения,1,0,SPAN
guest-bills,! Терминал,Текстовая подпись или значение,Да,Оставить,! Терминал,"Это самостоятельная надпись или справка интерфейса. Без подтверждённого дублирования или понятного контекста сокращение может ухудшить понимание, поэтому сохраняем.",Без изменения,1,0,SPAN
guest-bills,"пн, 5 окт",Операционное значение,Да,Оставить,"пн, 5 окт","Это значение, статус или бизнес-данные тестового снимка; оно нужно для работы и не считается текстовым шумом.",Без изменения,1,0,SPAN
guest-bills,12:01,Динамические бизнес-данные,Да,Оставить,12:01,"Это значение, статус или бизнес-данные тестового снимка; оно нужно для работы и не считается текстовым шумом.",Без изменения,1,0,TIME
guest-bills,Выход,Надпись интерфейса,Да,Оставить,Выход,"Это самостоятельная надпись или справка интерфейса. Без подтверждённого дублирования или понятного контекста сокращение может ухудшить понимание, поэтому сохраняем.",Без изменения,1,0,BUTTON
guest-bills,admin,Текстовая подпись или значение,Да,Оставить,admin,"Это самостоятельная надпись или справка интерфейса. Без подтверждённого дублирования или понятного контекста сокращение может ухудшить понимание, поэтому сохраняем.",Без изменения,1,0,SPAN
guest-bills,График,Надпись интерфейса,Да,Оставить,График,"Это самостоятельная надпись или справка интерфейса. Без подтверждённого дублирования или понятного контекста сокращение может ухудшить понимание, поэтому сохраняем.",Без изменения,1,0,A
guest-bills,Касса,Надпись интерфейса,Да,Оставить,Касса,"Это самостоятельная надпись или справка интерфейса. Без подтверждённого дублирования или понятного контекста сокращение может ухудшить понимание, поэтому сохраняем.",Без изменения,1,0,SUMMARY
guest-bills,На смене пока никого,Текстовая подпись или значение,Да,Оставить,На смене пока никого,"Это самостоятельная надпись или справка интерфейса. Без подтверждённого дублирования или понятного контекста сокращение может ухудшить понимание, поэтому сохраняем.",Без изменения,1,0,DIV
guest-bills,Кафе,Надпись интерфейса,Да,Оставить,Кафе,"Это самостоятельная надпись или справка интерфейса. Без подтверждённого дублирования или понятного контекста сокращение может ухудшить понимание, поэтому сохраняем.",Без изменения,1,0,H1
guest-bills,Заказы,Надпись интерфейса,Да,Оставить,Заказы,"Это самостоятельная надпись или справка интерфейса. Без подтверждённого дублирования или понятного контекста сокращение может ухудшить понимание, поэтому сохраняем.",Без изменения,1,0,BUTTON
guest-bills,Новый заказ,Надпись интерфейса,Да,Оставить,Новый заказ,"Это самостоятельная надпись или справка интерфейса. Без подтверждённого дублирования или понятного контекста сокращение может ухудшить понимание, поэтому сохраняем.",Без изменения,1,0,BUTTON
guest-bills,Счета гостей,Надпись интерфейса,"Да, заголовок раздела остаётся во вкладке",Убрать с экрана,Убрать только повторный H2; оставить вкладку «Счета гостей» и остальные точки входа.,На экране уже есть вкладка с тем же названием. Удаляется только один заголовок H2 из трёх наблюдённых узлов; навигация и доступ к счетам сохраняются.,Экран; надпись и функция сохраняются в системе,3,1,BUTTON|H2|SPAN
guest-bills,Найти по имени или столу,Надпись интерфейса,Да,Оставить,Найти по имени или столу,"Это самостоятельная надпись или справка интерфейса. Без подтверждённого дублирования или понятного контекста сокращение может ухудшить понимание, поэтому сохраняем.",Без изменения,1,0,LABEL
guest-bills,Неоплаченных счетов нет.,Справочный текст,Да,Оставить,Неоплаченных счетов нет.,"Это самостоятельная надпись или справка интерфейса. Без подтверждённого дублирования или понятного контекста сокращение может ухудшить понимание, поэтому сохраняем.",Без изменения,1,0,P
guest-bills,Новый счёт,Надпись интерфейса,Да,Оставить,Новый счёт,"Это самостоятельная надпись или справка интерфейса. Без подтверждённого дублирования или понятного контекста сокращение может ухудшить понимание, поэтому сохраняем.",Без изменения,1,0,BUTTON
guest-bills,Рабочий день не открыт,Операционный статус,Да,Оставить,Рабочий день не открыт,"Это значение, статус или бизнес-данные тестового снимка; оно нужно для работы и не считается текстовым шумом.",Без изменения,1,0,SPAN
guest-bills,Подвести и сохранить итог дня,Текстовая подпись или значение,Да,Оставить,Подвести и сохранить итог дня,"Это самостоятельная надпись или справка интерфейса. Без подтверждённого дублирования или понятного контекста сокращение может ухудшить понимание, поэтому сохраняем.",Без изменения,1,0,SPAN
guest-bills,Распечатать предварительный отчёт,Надпись интерфейса,Да,Оставить,Распечатать предварительный отчёт,"Это самостоятельная надпись или справка интерфейса. Без подтверждённого дублирования или понятного контекста сокращение может ухудшить понимание, поэтому сохраняем.",Без изменения,1,0,BUTTON
loaded-cafe-desktop,СТАРТ,Надпись интерфейса,Да,Оставить,СТАРТ,"Это самостоятельная надпись или справка интерфейса. Без подтверждённого дублирования или понятного контекста сокращение может ухудшить понимание, поэтому сохраняем.",Без изменения,1,0,A
loaded-cafe-desktop,Прокат,Надпись интерфейса,Да,Оставить,Прокат,"Это самостоятельная надпись или справка интерфейса. Без подтверждённого дублирования или понятного контекста сокращение может ухудшить понимание, поэтому сохраняем.",Без изменения,1,0,A
loaded-cafe-desktop,Кафе · 10,Надпись интерфейса,Да,Оставить,Кафе · 10,"Это самостоятельная надпись или справка интерфейса. Без подтверждённого дублирования или понятного контекста сокращение может ухудшить понимание, поэтому сохраняем.",Без изменения,1,0,A
loaded-cafe-desktop,Закупка,Надпись интерфейса,Да,Оставить,Закупка,"Это самостоятельная надпись или справка интерфейса. Без подтверждённого дублирования или понятного контекста сокращение может ухудшить понимание, поэтому сохраняем.",Без изменения,1,0,A
loaded-cafe-desktop,Дела,Надпись интерфейса,Да,Оставить,Дела,"Это самостоятельная надпись или справка интерфейса. Без подтверждённого дублирования или понятного контекста сокращение может ухудшить понимание, поэтому сохраняем.",Без изменения,1,0,A
loaded-cafe-desktop,Настройки,Надпись интерфейса,Да,Оставить,Настройки,"Это самостоятельная надпись или справка интерфейса. Без подтверждённого дублирования или понятного контекста сокращение может ухудшить понимание, поэтому сохраняем.",Без изменения,1,0,A
loaded-cafe-desktop,На связи,Значение строки проката или заказа,Да,Оставить,На связи,"Это самостоятельная надпись или справка интерфейса. Без подтверждённого дублирования или понятного контекста сокращение может ухудшить понимание, поэтому сохраняем.",Без изменения,1,0,SPAN
loaded-cafe-desktop,! Принтер,Значение строки проката или заказа,Да,Оставить,! Принтер,"Это самостоятельная надпись или справка интерфейса. Без подтверждённого дублирования или понятного контекста сокращение может ухудшить понимание, поэтому сохраняем.",Без изменения,1,0,SPAN
loaded-cafe-desktop,! Терминал,Значение строки проката или заказа,Да,Оставить,! Терминал,"Это самостоятельная надпись или справка интерфейса. Без подтверждённого дублирования или понятного контекста сокращение может ухудшить понимание, поэтому сохраняем.",Без изменения,1,0,SPAN
loaded-cafe-desktop,"пн, 5 окт",Операционное значение,Да,Оставить,"пн, 5 окт","Это значение, статус или бизнес-данные тестового снимка; оно нужно для работы и не считается текстовым шумом.",Без изменения,1,0,SPAN
loaded-cafe-desktop,12:02,Динамические бизнес-данные,Да,Оставить,12:02,"Это значение, статус или бизнес-данные тестового снимка; оно нужно для работы и не считается текстовым шумом.",Без изменения,1,0,TIME
loaded-cafe-desktop,Выход,Надпись интерфейса,Да,Оставить,Выход,"Это самостоятельная надпись или справка интерфейса. Без подтверждённого дублирования или понятного контекста сокращение может ухудшить понимание, поэтому сохраняем.",Без изменения,1,0,BUTTON
loaded-cafe-desktop,admin,Значение строки проката или заказа,Да,Оставить,admin,"Это самостоятельная надпись или справка интерфейса. Без подтверждённого дублирования или понятного контекста сокращение может ухудшить понимание, поэтому сохраняем.",Без изменения,1,0,SPAN
loaded-cafe-desktop,График,Надпись интерфейса,Да,Оставить,График,"Это самостоятельная надпись или справка интерфейса. Без подтверждённого дублирования или понятного контекста сокращение может ухудшить понимание, поэтому сохраняем.",Без изменения,1,0,A
loaded-cafe-desktop,Касса,Надпись интерфейса,Да,Оставить,Касса,"Это самостоятельная надпись или справка интерфейса. Без подтверждённого дублирования или понятного контекста сокращение может ухудшить понимание, поэтому сохраняем.",Без изменения,1,0,SUMMARY
loaded-cafe-desktop,На смене пока никого,Значение строки проката или заказа,Да,Оставить,На смене пока никого,"Это самостоятельная надпись или справка интерфейса. Без подтверждённого дублирования или понятного контекста сокращение может ухудшить понимание, поэтому сохраняем.",Без изменения,1,0,DIV
loaded-cafe-desktop,Кафе,Надпись интерфейса,Да,Оставить,Кафе,"Это самостоятельная надпись или справка интерфейса. Без подтверждённого дублирования или понятного контекста сокращение может ухудшить понимание, поэтому сохраняем.",Без изменения,1,0,H1
loaded-cafe-desktop,Заказы · 10,Надпись интерфейса,Да,Оставить,Заказы · 10,"Это самостоятельная надпись или справка интерфейса. Без подтверждённого дублирования или понятного контекста сокращение может ухудшить понимание, поэтому сохраняем.",Без изменения,1,0,BUTTON
loaded-cafe-desktop,Новый заказ,Надпись интерфейса,Да,Оставить,Новый заказ,"Это самостоятельная надпись или справка интерфейса. Без подтверждённого дублирования или понятного контекста сокращение может ухудшить понимание, поэтому сохраняем.",Без изменения,1,0,BUTTON
loaded-cafe-desktop,Счета гостей,Значение строки проката или заказа,Да,Оставить,Счета гостей,"Это самостоятельная надпись или справка интерфейса. Без подтверждённого дублирования или понятного контекста сокращение может ухудшить понимание, поэтому сохраняем.",Без изменения,2,0,BUTTON|SPAN
loaded-cafe-desktop,Обновить,Надпись интерфейса,Да,Оставить,Обновить,"Это самостоятельная надпись или справка интерфейса. Без подтверждённого дублирования или понятного контекста сокращение может ухудшить понимание, поэтому сохраняем.",Без изменения,1,0,BUTTON
loaded-cafe-desktop,Заказы за сегодня: оплачено 0 ₽ · 10 заказов,Значение строки проката или заказа,Да,Оставить,Заказы за сегодня: оплачено 0 ₽ · 10 заказов,"Это самостоятельная надпись или справка интерфейса. Без подтверждённого дублирования или понятного контекста сокращение может ухудшить понимание, поэтому сохраняем.",Без изменения,1,0,STRONG
loaded-cafe-desktop,Поиск и фильтры,Надпись интерфейса,Да,Сократить при условии,Только после постоянного переноса поля поиска из сворачиваемого блока в видимую область списка: переименовать блок в «Фильтры». До переноса поиска оставить «Поиск и фильтры».,Сейчас поиск находится внутри сворачиваемого блока. Короткая подпись «Фильтры» скроет факт наличия поиска и ухудшит его обнаружение. Сокращение безопасно только если поиск заранее и постоянно вынесен над списком; без этого изменения текущую подпись сохранять.,Экран; применять только после изменения расположения поиска,1,1,SUMMARY
loaded-cafe-desktop,Зелёный — оплачено · Жёлтый — ожидание · Красный — нужна сверка / отменён,Операционный статус,"Да, объяснение доступно по запросу",Перенести с экрана,Показывать легенду по запросу; у заказа со сверкой всегда оставить текстовое предупреждение «Нужна сверка».,"Постоянная легенда занимает место во всём списке. Перенос допустим только если статусы подписаны словами, а предупреждение о сверке показано рядом с затронутым заказом; цвет не должен быть единственным сигналом.",Экран списка; справка сохраняется в системе,1,1,P
loaded-cafe-desktop,№010 · В кафе,Динамические бизнес-данные,Да,Оставить,№010 · В кафе,"Это значение, статус или бизнес-данные тестового снимка; оно нужно для работы и не считается текстовым шумом.",Без изменения,1,0,B
loaded-cafe-desktop,350 ₽,Динамические бизнес-данные,Да,Оставить,350 ₽,"Это значение, статус или бизнес-данные тестового снимка; оно нужно для работы и не считается текстовым шумом.",Без изменения,2,0,STRONG
loaded-cafe-desktop,Тестовый гость 10 · В работе,Динамические бизнес-данные,Да,Оставить,Тестовый гость 10 · В работе,"Это значение, статус или бизнес-данные тестового снимка; оно нужно для работы и не считается текстовым шумом.",Без изменения,1,0,SPAN
loaded-cafe-desktop,· 5 мин,Значение строки проката или заказа,Да,Оставить,· 5 мин,"Это самостоятельная надпись или справка интерфейса. Без подтверждённого дублирования или понятного контекста сокращение может ухудшить понимание, поэтому сохраняем.",Без изменения,10,0,SPAN
loaded-cafe-desktop,1× Латте,Динамические бизнес-данные,Да,Оставить,1× Латте,"Это значение, статус или бизнес-данные тестового снимка; оно нужно для работы и не считается текстовым шумом.",Без изменения,2,0,SMALL
loaded-cafe-desktop,Ожидает оплаты,Операционный статус,Да,Оставить,Ожидает оплаты,"Это значение, статус или бизнес-данные тестового снимка; оно нужно для работы и не считается текстовым шумом.",Без изменения,10,0,SMALL
loaded-cafe-desktop,Готов к выдаче,Операционный статус,Да,Оставить,Готов к выдаче,"Это значение, статус или бизнес-данные тестового снимка; оно нужно для работы и не считается текстовым шумом.",Без изменения,10,0,BUTTON
loaded-cafe-desktop,Выполнен,Операционный статус,Да,Оставить,Выполнен,"Это значение, статус или бизнес-данные тестового снимка; оно нужно для работы и не считается текстовым шумом.",Без изменения,10,0,BUTTON
loaded-cafe-desktop,№009 · В кафе,Динамические бизнес-данные,Да,Оставить,№009 · В кафе,"Это значение, статус или бизнес-данные тестового снимка; оно нужно для работы и не считается текстовым шумом.",Без изменения,1,0,B
loaded-cafe-desktop,1 050 ₽,Динамические бизнес-данные,Да,Оставить,1 050 ₽,"Это значение, статус или бизнес-данные тестового снимка; оно нужно для работы и не считается текстовым шумом.",Без изменения,2,0,STRONG
loaded-cafe-desktop,Тестовый гость 9 · В работе,Динамические бизнес-данные,Да,Оставить,Тестовый гость 9 · В работе,"Это значение, статус или бизнес-данные тестового снимка; оно нужно для работы и не считается текстовым шумом.",Без изменения,1,0,SPAN
loaded-cafe-desktop,3× Капучино,Динамические бизнес-данные,Да,Оставить,3× Капучино,"Это значение, статус или бизнес-данные тестового снимка; оно нужно для работы и не считается текстовым шумом.",Без изменения,2,0,SMALL
loaded-cafe-desktop,№008 · В кафе,Динамические бизнес-данные,Да,Оставить,№008 · В кафе,"Это значение, статус или бизнес-данные тестового снимка; оно нужно для работы и не считается текстовым шумом.",Без изменения,1,0,B
loaded-cafe-desktop,700 ₽,Динамические бизнес-данные,Да,Оставить,700 ₽,"Это значение, статус или бизнес-данные тестового снимка; оно нужно для работы и не считается текстовым шумом.",Без изменения,2,0,STRONG
loaded-cafe-desktop,Тестовый гость 8 · В работе,Динамические бизнес-данные,Да,Оставить,Тестовый гость 8 · В работе,"Это значение, статус или бизнес-данные тестового снимка; оно нужно для работы и не считается текстовым шумом.",Без изменения,1,0,SPAN
loaded-cafe-desktop,2× Американо,Динамические бизнес-данные,Да,Оставить,2× Американо,"Это значение, статус или бизнес-данные тестового снимка; оно нужно для работы и не считается текстовым шумом.",Без изменения,2,0,SMALL
loaded-cafe-desktop,№007 · В кафе,Динамические бизнес-данные,Да,Оставить,№007 · В кафе,"Это значение, статус или бизнес-данные тестового снимка; оно нужно для работы и не считается текстовым шумом.",Без изменения,1,0,B
loaded-cafe-desktop,400 ₽,Динамические бизнес-данные,Да,Оставить,400 ₽,"Это значение, статус или бизнес-данные тестового снимка; оно нужно для работы и не считается текстовым шумом.",Без изменения,2,0,STRONG
loaded-cafe-desktop,Тестовый гость 7 · В работе,Динамические бизнес-данные,Да,Оставить,Тестовый гость 7 · В работе,"Это значение, статус или бизнес-данные тестового снимка; оно нужно для работы и не считается текстовым шумом.",Без изменения,1,0,SPAN
loaded-cafe-desktop,1× Сырники,Динамические бизнес-данные,Да,Оставить,1× Сырники,"Это значение, статус или бизнес-данные тестового снимка; оно нужно для работы и не считается текстовым шумом.",Без изменения,2,0,SMALL
loaded-cafe-desktop,№006 · В кафе,Динамические бизнес-данные,Да,Оставить,№006 · В кафе,"Это значение, статус или бизнес-данные тестового снимка; оно нужно для работы и не считается текстовым шумом.",Без изменения,1,0,B
loaded-cafe-desktop,2 400 ₽,Динамические бизнес-данные,Да,Оставить,2 400 ₽,"Это значение, статус или бизнес-данные тестового снимка; оно нужно для работы и не считается текстовым шумом.",Без изменения,1,0,STRONG
loaded-cafe-desktop,Тестовый гость 6 · В работе,Динамические бизнес-данные,Да,Оставить,Тестовый гость 6 · В работе,"Это значение, статус или бизнес-данные тестового снимка; оно нужно для работы и не считается текстовым шумом.",Без изменения,1,0,SPAN
loaded-cafe-desktop,3× 4 сыра,Динамические бизнес-данные,Да,Оставить,3× 4 сыра,"Это значение, статус или бизнес-данные тестового снимка; оно нужно для работы и не считается текстовым шумом.",Без изменения,1,0,SMALL
loaded-cafe-desktop,№005 · В кафе,Динамические бизнес-данные,Да,Оставить,№005 · В кафе,"Это значение, статус или бизнес-данные тестового снимка; оно нужно для работы и не считается текстовым шумом.",Без изменения,1,0,B
loaded-cafe-desktop,800 ₽,Динамические бизнес-данные,Да,Оставить,800 ₽,"Это значение, статус или бизнес-данные тестового снимка; оно нужно для работы и не считается текстовым шумом.",Без изменения,1,0,STRONG
loaded-cafe-desktop,Тестовый гость 5 · В работе,Динамические бизнес-данные,Да,Оставить,Тестовый гость 5 · В работе,"Это значение, статус или бизнес-данные тестового снимка; оно нужно для работы и не считается текстовым шумом.",Без изменения,1,0,SPAN
loaded-cafe-desktop,2× Картошка фри,Динамические бизнес-данные,Да,Оставить,2× Картошка фри,"Это значение, статус или бизнес-данные тестового снимка; оно нужно для работы и не считается текстовым шумом.",Без изменения,1,0,SMALL
loaded-cafe-desktop,№004 · В кафе,Динамические бизнес-данные,Да,Оставить,№004 · В кафе,"Это значение, статус или бизнес-данные тестового снимка; оно нужно для работы и не считается текстовым шумом.",Без изменения,1,0,B
loaded-cafe-desktop,Тестовый гость 4 · В работе,Динамические бизнес-данные,Да,Оставить,Тестовый гость 4 · В работе,"Это значение, статус или бизнес-данные тестового снимка; оно нужно для работы и не считается текстовым шумом.",Без изменения,1,0,SPAN
loaded-cafe-desktop,№003 · В кафе,Динамические бизнес-данные,Да,Оставить,№003 · В кафе,"Это значение, статус или бизнес-данные тестового снимка; оно нужно для работы и не считается текстовым шумом.",Без изменения,1,0,B
loaded-cafe-desktop,Тестовый гость 3 · В работе,Динамические бизнес-данные,Да,Оставить,Тестовый гость 3 · В работе,"Это значение, статус или бизнес-данные тестового снимка; оно нужно для работы и не считается текстовым шумом.",Без изменения,1,0,SPAN
loaded-cafe-desktop,№002 · В кафе,Динамические бизнес-данные,Да,Оставить,№002 · В кафе,"Это значение, статус или бизнес-данные тестового снимка; оно нужно для работы и не считается текстовым шумом.",Без изменения,1,0,B
loaded-cafe-desktop,Тестовый гость 2 · В работе,Динамические бизнес-данные,Да,Оставить,Тестовый гость 2 · В работе,"Это значение, статус или бизнес-данные тестового снимка; оно нужно для работы и не считается текстовым шумом.",Без изменения,1,0,SPAN
loaded-cafe-desktop,№001 · В кафе,Динамические бизнес-данные,Да,Оставить,№001 · В кафе,"Это значение, статус или бизнес-данные тестового снимка; оно нужно для работы и не считается текстовым шумом.",Без изменения,1,0,B
loaded-cafe-desktop,Тестовый гость 1 · В работе,Динамические бизнес-данные,Да,Оставить,Тестовый гость 1 · В работе,"Это значение, статус или бизнес-данные тестового снимка; оно нужно для работы и не считается текстовым шумом.",Без изменения,1,0,SPAN
loaded-cafe-desktop,Рабочий день не открыт,Операционный статус,Да,Оставить,Рабочий день не открыт,"Это значение, статус или бизнес-данные тестового снимка; оно нужно для работы и не считается текстовым шумом.",Без изменения,1,0,SPAN
loaded-cafe-desktop,Подвести и сохранить итог дня,Значение строки проката или заказа,Да,Оставить,Подвести и сохранить итог дня,"Это самостоятельная надпись или справка интерфейса. Без подтверждённого дублирования или понятного контекста сокращение может ухудшить понимание, поэтому сохраняем.",Без изменения,1,0,SPAN
loaded-cafe-desktop,Распечатать предварительный отчёт,Надпись интерфейса,Да,Оставить,Распечатать предварительный отчёт,"Это самостоятельная надпись или справка интерфейса. Без подтверждённого дублирования или понятного контекста сокращение может ухудшить понимание, поэтому сохраняем.",Без изменения,1,0,BUTTON
